iter,loss_mean,MSE_val,MSE_params,data_n_clusters,data_n_clients,data_n_samples,data_n_samples_val,data_n_features,data_noise_scale,data_noise_weight,model_n_features,model_bias,algo_lrate,algo_lmbd,algo_S,algo_R,algo_R_local
0,4.458891,4.552487850189209,2.2644033432006836,2,100,10,500,2,0,0,2,False,0.01,1,20,500,0
1,4.082449,4.1754560470581055,2.080376386642456,2,100,10,500,2,0,0,2,False,0.01,1,20,500,0
2,3.7394438,3.8274917602539062,1.9106906652450562,2,100,10,500,2,0,0,2,False,0.01,1,20,500,0
3,3.431398,3.5190203189849854,1.7602448463439941,2,100,10,500,2,0,0,2,False,0.01,1,20,500,0
4,3.1512733,3.240685224533081,1.6242932081222534,2,100,10,500,2,0,0,2,False,0.01,1,20,500,0
5,2.8796244,2.968568801879883,1.4912257194519043,2,100,10,500,2,0,0,2,False,0.01,1,20,500,0
6,2.636197,2.7306296825408936,1.3745214939117432,2,100,10,500,2,0,0,2,False,0.01,1,20,500,0
7,2.4189117,2.511892080307007,1.2671411037445068,2,100,10,500,2,0,0,2,False,0.01,1,20,500,0
8,2.2149675,2.3070356845855713,1.1667470932006836,2,100,10,500,2,0,0,2,False,0.01,1,20,500,0
9,2.0307508,2.1215903759002686,1.0750389099121094,2,100,10,500,2,0,0,2,False,0.01,1,20,500,0
10,1.865939,1.9517951011657715,0.991078794002533,2,100,10,500,2,0,0,2,False,0.01,1,20,500,0
11,1.7153834,1.7998117208480835,0.9161041975021362,2,100,10,500,2,0,0,2,False,0.01,1,20,500,0
12,1.5802037,1.6587907075881958,0.8464325666427612,2,100,10,500,2,0,0,2,False,0.01,1,20,500,0
13,1.4512801,1.526137351989746,0.7807075381278992,2,100,10,500,2,0,0,2,False,0.01,1,20,500,0
14,1.3353302,1.4073896408081055,0.7218431830406189,2,100,10,500,2,0,0,2,False,0.01,1,20,500,0
15,1.2272258,1.2951446771621704,0.6659753918647766,2,100,10,500,2,0,0,2,False,0.01,1,20,500,0
16,1.1291993,1.1930725574493408,0.6150956153869629,2,100,10,500,2,0,0,2,False,0.01,1,20,500,0
17,1.0428615,1.1042146682739258,0.5705253481864929,2,100,10,500,2,0,0,2,False,0.01,1,20,500,0
18,0.95966494,1.0184881687164307,0.5275750160217285,2,100,10,500,2,0,0,2,False,0.01,1,20,500,0
19,0.88665736,0.9405514597892761,0.48854967951774597,2,100,10,500,2,0,0,2,False,0.01,1,20,500,0
20,0.82564664,0.8766793012619019,0.456539511680603,2,100,10,500,2,0,0,2,False,0.01,1,20,500,0
21,0.7648496,0.8130212426185608,0.42454633116722107,2,100,10,500,2,0,0,2,False,0.01,1,20,500,0
22,0.71158564,0.7563948631286621,0.39617255330085754,2,100,10,500,2,0,0,2,False,0.01,1,20,500,0
23,0.66296214,0.7042027115821838,0.3699004352092743,2,100,10,500,2,0,0,2,False,0.01,1,20,500,0
24,0.6160473,0.6564337015151978,0.34581851959228516,2,100,10,500,2,0,0,2,False,0.01,1,20,500,0
25,0.5710413,0.6095400452613831,0.3221868872642517,2,100,10,500,2,0,0,2,False,0.01,1,20,500,0
26,0.5295184,0.5648247003555298,0.29965677857398987,2,100,10,500,2,0,0,2,False,0.01,1,20,500,0
27,0.49168926,0.525373637676239,0.27959272265434265,2,100,10,500,2,0,0,2,False,0.01,1,20,500,0
28,0.45818886,0.48948603868484497,0.26138871908187866,2,100,10,500,2,0,0,2,False,0.01,1,20,500,0
29,0.4260417,0.45558175444602966,0.24432668089866638,2,100,10,500,2,0,0,2,False,0.01,1,20,500,0
30,0.39546064,0.4239194393157959,0.22832272946834564,2,100,10,500,2,0,0,2,False,0.01,1,20,500,0
31,0.3686935,0.3956175744533539,0.21399825811386108,2,100,10,500,2,0,0,2,False,0.01,1,20,500,0
32,0.34426734,0.3696224093437195,0.2006746232509613,2,100,10,500,2,0,0,2,False,0.01,1,20,500,0
33,0.32176003,0.34532493352890015,0.18824756145477295,2,100,10,500,2,0,0,2,False,0.01,1,20,500,0
34,0.2981257,0.32060253620147705,0.17556755244731903,2,100,10,500,2,0,0,2,False,0.01,1,20,500,0
35,0.27741894,0.29850634932518005,0.16416849195957184,2,100,10,500,2,0,0,2,False,0.01,1,20,500,0
36,0.257976,0.27714240550994873,0.153154656291008,2,100,10,500,2,0,0,2,False,0.01,1,20,500,0
37,0.24068993,0.2583659291267395,0.14346328377723694,2,100,10,500,2,0,0,2,False,0.01,1,20,500,0
38,0.22457138,0.24121037125587463,0.13457058370113373,2,100,10,500,2,0,0,2,False,0.01,1,20,500,0
39,0.20943157,0.22507797181606293,0.12622004747390747,2,100,10,500,2,0,0,2,False,0.01,1,20,500,0
40,0.19505697,0.20987462997436523,0.11825323849916458,2,100,10,500,2,0,0,2,False,0.01,1,20,500,0
41,0.18103577,0.19480343163013458,0.11039044708013535,2,100,10,500,2,0,0,2,False,0.01,1,20,500,0
42,0.16851717,0.18127360939979553,0.10331054031848907,2,100,10,500,2,0,0,2,False,0.01,1,20,500,0
43,0.15711877,0.16906003654003143,0.09690069407224655,2,100,10,500,2,0,0,2,False,0.01,1,20,500,0
44,0.14572954,0.15690264105796814,0.09046372771263123,2,100,10,500,2,0,0,2,False,0.01,1,20,500,0
45,0.13506374,0.14574021100997925,0.08450685441493988,2,100,10,500,2,0,0,2,False,0.01,1,20,500,0
46,0.12592036,0.13593773543834686,0.07928428053855896,2,100,10,500,2,0,0,2,False,0.01,1,20,500,0
47,0.11731992,0.12671007215976715,0.07433144003152847,2,100,10,500,2,0,0,2,False,0.01,1,20,500,0
48,0.10896118,0.11767850071191788,0.06946082413196564,2,100,10,500,2,0,0,2,False,0.01,1,20,500,0
49,0.101655304,0.10994673520326614,0.06529323756694794,2,100,10,500,2,0,0,2,False,0.01,1,20,500,0
50,0.09489152,0.10266941040754318,0.06134236976504326,2,100,10,500,2,0,0,2,False,0.01,1,20,500,0
51,0.08847611,0.09575105458498001,0.05759246274828911,2,100,10,500,2,0,0,2,False,0.01,1,20,500,0
52,0.08195248,0.08897631615400314,0.053879514336586,2,100,10,500,2,0,0,2,False,0.01,1,20,500,0
53,0.07621057,0.08290749788284302,0.050550200045108795,2,100,10,500,2,0,0,2,False,0.01,1,20,500,0
54,0.07120501,0.07750256359577179,0.047569550573825836,2,100,10,500,2,0,0,2,False,0.01,1,20,500,0
55,0.06656373,0.07248224318027496,0.04476768895983696,2,100,10,500,2,0,0,2,False,0.01,1,20,500,0
56,0.062298015,0.06783703714609146,0.04218348488211632,2,100,10,500,2,0,0,2,False,0.01,1,20,500,0
57,0.058197975,0.06332464516162872,0.03964441269636154,2,100,10,500,2,0,0,2,False,0.01,1,20,500,0
58,0.0543813,0.05899757519364357,0.03720482438802719,2,100,10,500,2,0,0,2,False,0.01,1,20,500,0
59,0.05077559,0.05504282936453819,0.03496070206165314,2,100,10,500,2,0,0,2,False,0.01,1,20,500,0
60,0.047575474,0.051616474986076355,0.033007021993398666,2,100,10,500,2,0,0,2,False,0.01,1,20,500,0
61,0.044516996,0.048279132694005966,0.03109186887741089,2,100,10,500,2,0,0,2,False,0.01,1,20,500,0
62,0.041592035,0.0450461246073246,0.02921534702181816,2,100,10,500,2,0,0,2,False,0.01,1,20,500,0
63,0.038863577,0.04209022969007492,0.027481965720653534,2,100,10,500,2,0,0,2,False,0.01,1,20,500,0
64,0.03632412,0.03934271261096001,0.02587227150797844,2,100,10,500,2,0,0,2,False,0.01,1,20,500,0
65,0.03391273,0.036723021417856216,0.02433079667389393,2,100,10,500,2,0,0,2,False,0.01,1,20,500,0
66,0.031882018,0.03446425497531891,0.022990548983216286,2,100,10,500,2,0,0,2,False,0.01,1,20,500,0
67,0.029950894,0.0323261059820652,0.021711330860853195,2,100,10,500,2,0,0,2,False,0.01,1,20,500,0
68,0.028060665,0.030378291383385658,0.02053341455757618,2,100,10,500,2,0,0,2,False,0.01,1,20,500,0
69,0.026345931,0.028461970388889313,0.0193661917001009,2,100,10,500,2,0,0,2,False,0.01,1,20,500,0
70,0.024782153,0.026735365390777588,0.018318738788366318,2,100,10,500,2,0,0,2,False,0.01,1,20,500,0
71,0.023224575,0.02499825693666935,0.017247263342142105,2,100,10,500,2,0,0,2,False,0.01,1,20,500,0
72,0.021788562,0.0235124584287405,0.016326481476426125,2,100,10,500,2,0,0,2,False,0.01,1,20,500,0
73,0.02056081,0.02215958572924137,0.015477752313017845,2,100,10,500,2,0,0,2,False,0.01,1,20,500,0
74,0.019442592,0.020873621106147766,0.01466414425522089,2,100,10,500,2,0,0,2,False,0.01,1,20,500,0
75,0.018282197,0.019602539017796516,0.01384822279214859,2,100,10,500,2,0,0,2,False,0.01,1,20,500,0
76,0.017255176,0.018478553742170334,0.013124901801347733,2,100,10,500,2,0,0,2,False,0.01,1,20,500,0
77,0.016366722,0.017502637580037117,0.012491531670093536,2,100,10,500,2,0,0,2,False,0.01,1,20,500,0
78,0.01546592,0.016533344984054565,0.011846435256302357,2,100,10,500,2,0,0,2,False,0.01,1,20,500,0
79,0.014660606,0.015636296942830086,0.011246386915445328,2,100,10,500,2,0,0,2,False,0.01,1,20,500,0
80,0.013869523,0.014780087396502495,0.010666370391845703,2,100,10,500,2,0,0,2,False,0.01,1,20,500,0
81,0.013136975,0.01401489693671465,0.010146292857825756,2,100,10,500,2,0,0,2,False,0.01,1,20,500,0
82,0.012464943,0.01331233512610197,0.009665507823228836,2,100,10,500,2,0,0,2,False,0.01,1,20,500,0
83,0.011827822,0.012638089247047901,0.009196793660521507,2,100,10,500,2,0,0,2,False,0.01,1,20,500,0
84,0.011247265,0.011996273882687092,0.008746040053665638,2,100,10,500,2,0,0,2,False,0.01,1,20,500,0
85,0.010701341,0.01139911450445652,0.00832620169967413,2,100,10,500,2,0,0,2,False,0.01,1,20,500,0
86,0.010169841,0.010844695381820202,0.007923354394733906,2,100,10,500,2,0,0,2,False,0.01,1,20,500,0
87,0.00973314,0.010361790657043457,0.00757558923214674,2,100,10,500,2,0,0,2,False,0.01,1,20,500,0
88,0.009326425,0.009904308244585991,0.00724404351785779,2,100,10,500,2,0,0,2,False,0.01,1,20,500,0
89,0.008904125,0.009481467306613922,0.00693162064999342,2,100,10,500,2,0,0,2,False,0.01,1,20,500,0
90,0.008517962,0.009033427573740482,0.006594846025109291,2,100,10,500,2,0,0,2,False,0.01,1,20,500,0
91,0.008165772,0.008656894788146019,0.00630976865068078,2,100,10,500,2,0,0,2,False,0.01,1,20,500,0
92,0.007841828,0.008309239521622658,0.0060392264276742935,2,100,10,500,2,0,0,2,False,0.01,1,20,500,0
93,0.0075217998,0.007965903729200363,0.005770306568592787,2,100,10,500,2,0,0,2,False,0.01,1,20,500,0
94,0.007240129,0.007668225560337305,0.0055293673649430275,2,100,10,500,2,0,0,2,False,0.01,1,20,500,0
95,0.006995378,0.007410043850541115,0.005318926647305489,2,100,10,500,2,0,0,2,False,0.01,1,20,500,0
96,0.0067595006,0.007147075142711401,0.005103826057165861,2,100,10,500,2,0,0,2,False,0.01,1,20,500,0
97,0.006537536,0.00692457240074873,0.004914840217679739,2,100,10,500,2,0,0,2,False,0.01,1,20,500,0
98,0.0063282102,0.0067247007973492146,0.0047369590029120445,2,100,10,500,2,0,0,2,False,0.01,1,20,500,0
99,0.0061243735,0.006504439748823643,0.004546035081148148,2,100,10,500,2,0,0,2,False,0.01,1,20,500,0
100,0.0059474236,0.006316321436315775,0.0043768128380179405,2,100,10,500,2,0,0,2,False,0.01,1,20,500,0
101,0.005788218,0.006148849613964558,0.0042245169170200825,2,100,10,500,2,0,0,2,False,0.01,1,20,500,0
102,0.005638533,0.006002926267683506,0.00408617127686739,2,100,10,500,2,0,0,2,False,0.01,1,20,500,0
103,0.00548737,0.005848419852554798,0.003942839335650206,2,100,10,500,2,0,0,2,False,0.01,1,20,500,0
104,0.0053533698,0.005711483769118786,0.003817889606580138,2,100,10,500,2,0,0,2,False,0.01,1,20,500,0
105,0.0052251094,0.0055906567722558975,0.0036997157149016857,2,100,10,500,2,0,0,2,False,0.01,1,20,500,0
106,0.0051094205,0.005476940888911486,0.003582547651603818,2,100,10,500,2,0,0,2,False,0.01,1,20,500,0
107,0.004995501,0.005365818738937378,0.003467787289991975,2,100,10,500,2,0,0,2,False,0.01,1,20,500,0
108,0.004891811,0.005266551859676838,0.0033652225974947214,2,100,10,500,2,0,0,2,False,0.01,1,20,500,0
109,0.0047926484,0.005196897778660059,0.0032864869572222233,2,100,10,500,2,0,0,2,False,0.01,1,20,500,0
110,0.0047004153,0.005112982355058193,0.003190203569829464,2,100,10,500,2,0,0,2,False,0.01,1,20,500,0
111,0.004604704,0.005023554433137178,0.003085218369960785,2,100,10,500,2,0,0,2,False,0.01,1,20,500,0
112,0.004521809,0.004969052504748106,0.003016181057319045,2,100,10,500,2,0,0,2,False,0.01,1,20,500,0
113,0.004454132,0.004894347861409187,0.002927461639046669,2,100,10,500,2,0,0,2,False,0.01,1,20,500,0
114,0.0043944675,0.004857966676354408,0.0028766754548996687,2,100,10,500,2,0,0,2,False,0.01,1,20,500,0
115,0.004333169,0.004818763583898544,0.002824612194672227,2,100,10,500,2,0,0,2,False,0.01,1,20,500,0
116,0.0042760405,0.004770216532051563,0.0027579767629504204,2,100,10,500,2,0,0,2,False,0.01,1,20,500,0
117,0.0042241695,0.0047222007997334,0.0026928731240332127,2,100,10,500,2,0,0,2,False,0.01,1,20,500,0
118,0.0041692075,0.004685102961957455,0.0026363912038505077,2,100,10,500,2,0,0,2,False,0.01,1,20,500,0
119,0.004124341,0.0046532489359378815,0.0025871212128549814,2,100,10,500,2,0,0,2,False,0.01,1,20,500,0
120,0.004081297,0.004625862464308739,0.0025454936549067497,2,100,10,500,2,0,0,2,False,0.01,1,20,500,0
121,0.0040411074,0.004600015468895435,0.002500478643923998,2,100,10,500,2,0,0,2,False,0.01,1,20,500,0
122,0.003999191,0.004572572652250528,0.0024542161263525486,2,100,10,500,2,0,0,2,False,0.01,1,20,500,0
123,0.003963585,0.004564173053950071,0.0024322106037288904,2,100,10,500,2,0,0,2,False,0.01,1,20,500,0
124,0.0039298637,0.004560238216072321,0.0024122861213982105,2,100,10,500,2,0,0,2,False,0.01,1,20,500,0
125,0.0038970995,0.004540132358670235,0.0023774253204464912,2,100,10,500,2,0,0,2,False,0.01,1,20,500,0
126,0.0038667643,0.004521339200437069,0.002341574989259243,2,100,10,500,2,0,0,2,False,0.01,1,20,500,0
127,0.003839965,0.004504176322370768,0.00230911816470325,2,100,10,500,2,0,0,2,False,0.01,1,20,500,0
128,0.0038118449,0.004490558058023453,0.0022811058443039656,2,100,10,500,2,0,0,2,False,0.01,1,20,500,0
129,0.0037887238,0.004479525610804558,0.002256599487736821,2,100,10,500,2,0,0,2,False,0.01,1,20,500,0
130,0.0037661155,0.004473495297133923,0.0022384331095963717,2,100,10,500,2,0,0,2,False,0.01,1,20,500,0
131,0.0037445305,0.0044668749906122684,0.0022188073489814997,2,100,10,500,2,0,0,2,False,0.01,1,20,500,0
132,0.0037234304,0.004470615182071924,0.002204267540946603,2,100,10,500,2,0,0,2,False,0.01,1,20,500,0
133,0.0037022976,0.004459903109818697,0.002177988179028034,2,100,10,500,2,0,0,2,False,0.01,1,20,500,0
134,0.003683862,0.0044530644081532955,0.0021555768325924873,2,100,10,500,2,0,0,2,False,0.01,1,20,500,0
135,0.003668504,0.00444939685985446,0.002139270305633545,2,100,10,500,2,0,0,2,False,0.01,1,20,500,0
136,0.0036507512,0.004466371610760689,0.0021441075950860977,2,100,10,500,2,0,0,2,False,0.01,1,20,500,0
137,0.0036360235,0.004465027246624231,0.002134560141712427,2,100,10,500,2,0,0,2,False,0.01,1,20,500,0
138,0.0036232173,0.004460889846086502,0.002119318349286914,2,100,10,500,2,0,0,2,False,0.01,1,20,500,0
139,0.003610779,0.0044705127365887165,0.002116096206009388,2,100,10,500,2,0,0,2,False,0.01,1,20,500,0
140,0.003597393,0.004478504881262779,0.002111670793965459,2,100,10,500,2,0,0,2,False,0.01,1,20,500,0
141,0.003583793,0.004492841195315123,0.002110063098371029,2,100,10,500,2,0,0,2,False,0.01,1,20,500,0
142,0.0035710859,0.00450175954028964,0.0021097585558891296,2,100,10,500,2,0,0,2,False,0.01,1,20,500,0
143,0.0035595775,0.004505403805524111,0.002102614613249898,2,100,10,500,2,0,0,2,False,0.01,1,20,500,0
144,0.0035481378,0.00450153648853302,0.0020863600075244904,2,100,10,500,2,0,0,2,False,0.01,1,20,500,0
145,0.0035389871,0.0044996244832873344,0.0020749191753566265,2,100,10,500,2,0,0,2,False,0.01,1,20,500,0
146,0.0035294201,0.0044984109699726105,0.0020628187339752913,2,100,10,500,2,0,0,2,False,0.01,1,20,500,0
147,0.0035197204,0.004506244789808989,0.002057804027572274,2,100,10,500,2,0,0,2,False,0.01,1,20,500,0
148,0.0035139292,0.004500470589846373,0.0020427333656698465,2,100,10,500,2,0,0,2,False,0.01,1,20,500,0
149,0.0035059967,0.004500199109315872,0.0020336690358817577,2,100,10,500,2,0,0,2,False,0.01,1,20,500,0
150,0.003498108,0.004503335803747177,0.0020242594182491302,2,100,10,500,2,0,0,2,False,0.01,1,20,500,0
151,0.003490404,0.004508730955421925,0.0020227984059602022,2,100,10,500,2,0,0,2,False,0.01,1,20,500,0
152,0.0034832158,0.0045123933814466,0.002019445179030299,2,100,10,500,2,0,0,2,False,0.01,1,20,500,0
153,0.0034761177,0.00451267883181572,0.0020071184262633324,2,100,10,500,2,0,0,2,False,0.01,1,20,500,0
154,0.0034693226,0.00451250933110714,0.0019964156672358513,2,100,10,500,2,0,0,2,False,0.01,1,20,500,0
155,0.0034638676,0.004531928803771734,0.0020073316991329193,2,100,10,500,2,0,0,2,False,0.01,1,20,500,0
156,0.0034592447,0.004539660643786192,0.0020105077419430017,2,100,10,500,2,0,0,2,False,0.01,1,20,500,0
157,0.0034549623,0.00453623803332448,0.001999336527660489,2,100,10,500,2,0,0,2,False,0.01,1,20,500,0
158,0.0034504458,0.004536895081400871,0.0019901490304619074,2,100,10,500,2,0,0,2,False,0.01,1,20,500,0
159,0.0034460374,0.004539860412478447,0.0019899674225598574,2,100,10,500,2,0,0,2,False,0.01,1,20,500,0
160,0.0034420753,0.004553529433906078,0.0019959937781095505,2,100,10,500,2,0,0,2,False,0.01,1,20,500,0
161,0.0034377459,0.004562888760119677,0.002001789165660739,2,100,10,500,2,0,0,2,False,0.01,1,20,500,0
162,0.0034338564,0.0045725093223154545,0.002001184271648526,2,100,10,500,2,0,0,2,False,0.01,1,20,500,0
163,0.0034297588,0.004576607141643763,0.0020014881156384945,2,100,10,500,2,0,0,2,False,0.01,1,20,500,0
164,0.0034264876,0.00457538990303874,0.00199322821572423,2,100,10,500,2,0,0,2,False,0.01,1,20,500,0
165,0.003423117,0.004574214108288288,0.001987145282328129,2,100,10,500,2,0,0,2,False,0.01,1,20,500,0
166,0.0034191506,0.0045728664845228195,0.001978196669369936,2,100,10,500,2,0,0,2,False,0.01,1,20,500,0
167,0.00341639,0.004585754591971636,0.0019882586784660816,2,100,10,500,2,0,0,2,False,0.01,1,20,500,0
168,0.0034141091,0.00458313524723053,0.001978527521714568,2,100,10,500,2,0,0,2,False,0.01,1,20,500,0
169,0.0034113473,0.004583094269037247,0.001972055761143565,2,100,10,500,2,0,0,2,False,0.01,1,20,500,0
170,0.0034086155,0.004580819979310036,0.0019636822398751974,2,100,10,500,2,0,0,2,False,0.01,1,20,500,0
171,0.0034067198,0.004580335691571236,0.00196066708303988,2,100,10,500,2,0,0,2,False,0.01,1,20,500,0
172,0.0034055526,0.0045977141708135605,0.0019734962843358517,2,100,10,500,2,0,0,2,False,0.01,1,20,500,0
173,0.0034025628,0.004595410544425249,0.00196307385340333,2,100,10,500,2,0,0,2,False,0.01,1,20,500,0
174,0.0034004939,0.004596011713147163,0.0019587792921811342,2,100,10,500,2,0,0,2,False,0.01,1,20,500,0
175,0.0033981153,0.004597608931362629,0.001955085201188922,2,100,10,500,2,0,0,2,False,0.01,1,20,500,0
176,0.0033956203,0.004597692284733057,0.0019532053265720606,2,100,10,500,2,0,0,2,False,0.01,1,20,500,0
177,0.0033931497,0.004614495672285557,0.0019668794702738523,2,100,10,500,2,0,0,2,False,0.01,1,20,500,0
178,0.0033903876,0.004610816016793251,0.001957421191036701,2,100,10,500,2,0,0,2,False,0.01,1,20,500,0
179,0.0033881408,0.004611395765095949,0.0019532241858541965,2,100,10,500,2,0,0,2,False,0.01,1,20,500,0
180,0.0033852838,0.004611545708030462,0.001949698431417346,2,100,10,500,2,0,0,2,False,0.01,1,20,500,0
181,0.0033836176,0.0046115596778690815,0.0019452546257525682,2,100,10,500,2,0,0,2,False,0.01,1,20,500,0
182,0.0033813824,0.004622516687959433,0.001956692198291421,2,100,10,500,2,0,0,2,False,0.01,1,20,500,0
183,0.0033797729,0.0046227071434259415,0.0019515946041792631,2,100,10,500,2,0,0,2,False,0.01,1,20,500,0
184,0.0033780085,0.004621829371899366,0.0019466531230136752,2,100,10,500,2,0,0,2,False,0.01,1,20,500,0
185,0.00337685,0.00462165055796504,0.001944896299391985,2,100,10,500,2,0,0,2,False,0.01,1,20,500,0
186,0.0033756823,0.0046404264867305756,0.0019672447815537453,2,100,10,500,2,0,0,2,False,0.01,1,20,500,0
187,0.0033741188,0.004635317716747522,0.001959837507456541,2,100,10,500,2,0,0,2,False,0.01,1,20,500,0
188,0.003372864,0.004633688367903233,0.0019525033421814442,2,100,10,500,2,0,0,2,False,0.01,1,20,500,0
189,0.003371669,0.004642847925424576,0.0019590759184211493,2,100,10,500,2,0,0,2,False,0.01,1,20,500,0
190,0.0033702913,0.004642011597752571,0.0019533114973455667,2,100,10,500,2,0,0,2,False,0.01,1,20,500,0
191,0.0033689959,0.0046436055563390255,0.0019506748067215085,2,100,10,500,2,0,0,2,False,0.01,1,20,500,0
192,0.0033674538,0.0046432968229055405,0.001947890967130661,2,100,10,500,2,0,0,2,False,0.01,1,20,500,0
193,0.0033667537,0.004643894266337156,0.0019460159819573164,2,100,10,500,2,0,0,2,False,0.01,1,20,500,0
194,0.0033650347,0.004643460735678673,0.0019395560957491398,2,100,10,500,2,0,0,2,False,0.01,1,20,500,0
195,0.0033630833,0.0046765245497226715,0.0019716916140168905,2,100,10,500,2,0,0,2,False,0.01,1,20,500,0
196,0.0033614729,0.004678957164287567,0.001975754974409938,2,100,10,500,2,0,0,2,False,0.01,1,20,500,0
197,0.0033601841,0.004673526622354984,0.001967900898307562,2,100,10,500,2,0,0,2,False,0.01,1,20,500,0
198,0.0033589355,0.004674497526139021,0.0019636107608675957,2,100,10,500,2,0,0,2,False,0.01,1,20,500,0
199,0.0033576975,0.00467301020398736,0.0019564987160265446,2,100,10,500,2,0,0,2,False,0.01,1,20,500,0
200,0.0033566826,0.00467178737744689,0.00195324863307178,2,100,10,500,2,0,0,2,False,0.01,1,20,500,0
201,0.0033561527,0.004680950660258532,0.0019630214665085077,2,100,10,500,2,0,0,2,False,0.01,1,20,500,0
202,0.003354791,0.004679971374571323,0.001959951827302575,2,100,10,500,2,0,0,2,False,0.01,1,20,500,0
203,0.0033542255,0.004676679149270058,0.0019520145142450929,2,100,10,500,2,0,0,2,False,0.01,1,20,500,0
204,0.0033534202,0.004676158539950848,0.0019502693321555853,2,100,10,500,2,0,0,2,False,0.01,1,20,500,0
205,0.0033522777,0.004675614647567272,0.001947494107298553,2,100,10,500,2,0,0,2,False,0.01,1,20,500,0
206,0.0033516306,0.0046945433132350445,0.0019635306671261787,2,100,10,500,2,0,0,2,False,0.01,1,20,500,0
207,0.0033504637,0.0046899085864424706,0.001957170432433486,2,100,10,500,2,0,0,2,False,0.01,1,20,500,0
208,0.003349815,0.004682645201683044,0.001949532306753099,2,100,10,500,2,0,0,2,False,0.01,1,20,500,0
209,0.0033487007,0.004692097194492817,0.001952026505023241,2,100,10,500,2,0,0,2,False,0.01,1,20,500,0
210,0.003347892,0.004688219632953405,0.0019454563735052943,2,100,10,500,2,0,0,2,False,0.01,1,20,500,0
211,0.0033473636,0.004696099553257227,0.0019527749391272664,2,100,10,500,2,0,0,2,False,0.01,1,20,500,0
212,0.0033467317,0.0046919044107198715,0.0019474242581054568,2,100,10,500,2,0,0,2,False,0.01,1,20,500,0
213,0.0033464388,0.004688758868724108,0.0019423620542511344,2,100,10,500,2,0,0,2,False,0.01,1,20,500,0
214,0.0033461866,0.004695873707532883,0.0019516405882313848,2,100,10,500,2,0,0,2,False,0.01,1,20,500,0
215,0.0033451659,0.00469710398465395,0.0019499575719237328,2,100,10,500,2,0,0,2,False,0.01,1,20,500,0
216,0.0033444178,0.004702729173004627,0.0019549636635929346,2,100,10,500,2,0,0,2,False,0.01,1,20,500,0
217,0.0033434106,0.00471125403419137,0.0019604528788477182,2,100,10,500,2,0,0,2,False,0.01,1,20,500,0
218,0.0033427125,0.004709447734057903,0.0019559087231755257,2,100,10,500,2,0,0,2,False,0.01,1,20,500,0
219,0.003342499,0.004707310814410448,0.0019531685393303633,2,100,10,500,2,0,0,2,False,0.01,1,20,500,0
220,0.0033422536,0.004702462349087,0.0019451766274869442,2,100,10,500,2,0,0,2,False,0.01,1,20,500,0
221,0.0033416164,0.00471677677705884,0.0019646191503852606,2,100,10,500,2,0,0,2,False,0.01,1,20,500,0
222,0.003340949,0.004714065697044134,0.0019638221710920334,2,100,10,500,2,0,0,2,False,0.01,1,20,500,0
223,0.0033404732,0.004724392667412758,0.0019710047636181116,2,100,10,500,2,0,0,2,False,0.01,1,20,500,0
224,0.00334019,0.00471659516915679,0.001963940914720297,2,100,10,500,2,0,0,2,False,0.01,1,20,500,0
225,0.0033394648,0.004714467097073793,0.0019614202901721,2,100,10,500,2,0,0,2,False,0.01,1,20,500,0
226,0.003338718,0.004712110385298729,0.0019544949755072594,2,100,10,500,2,0,0,2,False,0.01,1,20,500,0
227,0.0033384443,0.004708360880613327,0.001949759665876627,2,100,10,500,2,0,0,2,False,0.01,1,20,500,0
228,0.0033382063,0.004730597138404846,0.001970857148990035,2,100,10,500,2,0,0,2,False,0.01,1,20,500,0
229,0.0033376252,0.004725158680230379,0.001961725065484643,2,100,10,500,2,0,0,2,False,0.01,1,20,500,0
230,0.0033374324,0.0047211055643856525,0.001954480540007353,2,100,10,500,2,0,0,2,False,0.01,1,20,500,0
231,0.0033369332,0.004717347212135792,0.0019445910584181547,2,100,10,500,2,0,0,2,False,0.01,1,20,500,0
232,0.0033367109,0.004717079922556877,0.001943201757967472,2,100,10,500,2,0,0,2,False,0.01,1,20,500,0
233,0.0033360624,0.0047248234041035175,0.0019528941484168172,2,100,10,500,2,0,0,2,False,0.01,1,20,500,0
234,0.003335853,0.004722126293927431,0.0019518587505444884,2,100,10,500,2,0,0,2,False,0.01,1,20,500,0
235,0.0033359446,0.004718022421002388,0.0019450668478384614,2,100,10,500,2,0,0,2,False,0.01,1,20,500,0
236,0.0033358561,0.004714824724942446,0.0019388219807296991,2,100,10,500,2,0,0,2,False,0.01,1,20,500,0
237,0.003336053,0.004710926208645105,0.0019312618533149362,2,100,10,500,2,0,0,2,False,0.01,1,20,500,0
238,0.0033358864,0.00471801683306694,0.0019404803169891238,2,100,10,500,2,0,0,2,False,0.01,1,20,500,0
239,0.0033354794,0.004714009817689657,0.001933160237967968,2,100,10,500,2,0,0,2,False,0.01,1,20,500,0
240,0.003335548,0.004716718103736639,0.0019394014962017536,2,100,10,500,2,0,0,2,False,0.01,1,20,500,0
241,0.0033356794,0.004713123664259911,0.0019403697224333882,2,100,10,500,2,0,0,2,False,0.01,1,20,500,0
242,0.0033354226,0.00471876747906208,0.0019434023415669799,2,100,10,500,2,0,0,2,False,0.01,1,20,500,0
243,0.0033352014,0.004716015886515379,0.0019400110468268394,2,100,10,500,2,0,0,2,False,0.01,1,20,500,0
244,0.003334616,0.004731091670691967,0.0019530036952346563,2,100,10,500,2,0,0,2,False,0.01,1,20,500,0
245,0.00333442,0.004732755944132805,0.0019516879692673683,2,100,10,500,2,0,0,2,False,0.01,1,20,500,0
246,0.0033338084,0.0047308155335485935,0.0019486374221742153,2,100,10,500,2,0,0,2,False,0.01,1,20,500,0
247,0.003333565,0.004727889783680439,0.0019442597404122353,2,100,10,500,2,0,0,2,False,0.01,1,20,500,0
248,0.003333672,0.0047261533327400684,0.00194160093087703,2,100,10,500,2,0,0,2,False,0.01,1,20,500,0
249,0.003333827,0.004721644334495068,0.0019365183543413877,2,100,10,500,2,0,0,2,False,0.01,1,20,500,0
250,0.0033338212,0.004719600547105074,0.0019346880726516247,2,100,10,500,2,0,0,2,False,0.01,1,20,500,0
251,0.0033334475,0.004717560019344091,0.0019331849180161953,2,100,10,500,2,0,0,2,False,0.01,1,20,500,0
252,0.0033327497,0.004735236056149006,0.0019475743174552917,2,100,10,500,2,0,0,2,False,0.01,1,20,500,0
253,0.0033323383,0.00472831167280674,0.0019389954395592213,2,100,10,500,2,0,0,2,False,0.01,1,20,500,0
254,0.0033321125,0.004726032726466656,0.0019370651571080089,2,100,10,500,2,0,0,2,False,0.01,1,20,500,0
255,0.003331694,0.004734877031296492,0.0019434646237641573,2,100,10,500,2,0,0,2,False,0.01,1,20,500,0
256,0.003331595,0.0047298320569098,0.0019355638651177287,2,100,10,500,2,0,0,2,False,0.01,1,20,500,0
257,0.0033311055,0.004749002866446972,0.0019568102434277534,2,100,10,500,2,0,0,2,False,0.01,1,20,500,0
258,0.0033310757,0.004744356963783503,0.00195277389138937,2,100,10,500,2,0,0,2,False,0.01,1,20,500,0
259,0.003331002,0.004744177684187889,0.001954509876668453,2,100,10,500,2,0,0,2,False,0.01,1,20,500,0
260,0.0033306913,0.004739508498460054,0.0019476412562653422,2,100,10,500,2,0,0,2,False,0.01,1,20,500,0
261,0.0033306556,0.004738639574497938,0.0019445914076641202,2,100,10,500,2,0,0,2,False,0.01,1,20,500,0
262,0.0033304223,0.004744554869830608,0.0019513835432007909,2,100,10,500,2,0,0,2,False,0.01,1,20,500,0
263,0.0033296344,0.0047509376890957355,0.001954285893589258,2,100,10,500,2,0,0,2,False,0.01,1,20,500,0
264,0.003329511,0.004754872992634773,0.001961237983778119,2,100,10,500,2,0,0,2,False,0.01,1,20,500,0
265,0.0033291038,0.004760744981467724,0.0019708022009581327,2,100,10,500,2,0,0,2,False,0.01,1,20,500,0
266,0.0033289855,0.00475606694817543,0.001963953720405698,2,100,10,500,2,0,0,2,False,0.01,1,20,500,0
267,0.003328675,0.004753318149596453,0.001960625872015953,2,100,10,500,2,0,0,2,False,0.01,1,20,500,0
268,0.003328395,0.004749712068587542,0.001957299653440714,2,100,10,500,2,0,0,2,False,0.01,1,20,500,0
269,0.0033283532,0.004745619371533394,0.0019526246469467878,2,100,10,500,2,0,0,2,False,0.01,1,20,500,0
270,0.0033281413,0.0047399727627635,0.0019489486003294587,2,100,10,500,2,0,0,2,False,0.01,1,20,500,0
271,0.0033277841,0.0047765690833330154,0.001979488879442215,2,100,10,500,2,0,0,2,False,0.01,1,20,500,0
272,0.0033274654,0.004767360165715218,0.001970319775864482,2,100,10,500,2,0,0,2,False,0.01,1,20,500,0
273,0.0033272442,0.0047602904960513115,0.001961092697456479,2,100,10,500,2,0,0,2,False,0.01,1,20,500,0
274,0.003327035,0.004758080467581749,0.0019556800834834576,2,100,10,500,2,0,0,2,False,0.01,1,20,500,0
275,0.003326747,0.004762148484587669,0.001958736451342702,2,100,10,500,2,0,0,2,False,0.01,1,20,500,0
276,0.0033264228,0.00476191146299243,0.0019561960361897945,2,100,10,500,2,0,0,2,False,0.01,1,20,500,0
277,0.0033262095,0.004758573602885008,0.0019509935518726707,2,100,10,500,2,0,0,2,False,0.01,1,20,500,0
278,0.0033263445,0.004754575900733471,0.0019487184472382069,2,100,10,500,2,0,0,2,False,0.01,1,20,500,0
279,0.0033265494,0.004758912138640881,0.0019557701889425516,2,100,10,500,2,0,0,2,False,0.01,1,20,500,0
280,0.003326567,0.004755737259984016,0.0019529127748683095,2,100,10,500,2,0,0,2,False,0.01,1,20,500,0
281,0.0033266984,0.004766632802784443,0.0019667570013552904,2,100,10,500,2,0,0,2,False,0.01,1,20,500,0
282,0.0033266265,0.004755677655339241,0.0019540865905582905,2,100,10,500,2,0,0,2,False,0.01,1,20,500,0
283,0.0033266766,0.004752383567392826,0.0019469443941488862,2,100,10,500,2,0,0,2,False,0.01,1,20,500,0
284,0.003326855,0.004749963525682688,0.0019460880430415273,2,100,10,500,2,0,0,2,False,0.01,1,20,500,0
285,0.0033270512,0.004746992141008377,0.0019432667177170515,2,100,10,500,2,0,0,2,False,0.01,1,20,500,0
286,0.0033268286,0.004755346104502678,0.001953152474015951,2,100,10,500,2,0,0,2,False,0.01,1,20,500,0
287,0.003326827,0.004752012901008129,0.0019472400890663266,2,100,10,500,2,0,0,2,False,0.01,1,20,500,0
288,0.0033269983,0.004751543514430523,0.0019473433494567871,2,100,10,500,2,0,0,2,False,0.01,1,20,500,0
289,0.0033268675,0.004755561705678701,0.0019485752563923597,2,100,10,500,2,0,0,2,False,0.01,1,20,500,0
290,0.0033272302,0.004751312546432018,0.0019462131895124912,2,100,10,500,2,0,0,2,False,0.01,1,20,500,0
291,0.0033271047,0.004747757222503424,0.0019437220180407166,2,100,10,500,2,0,0,2,False,0.01,1,20,500,0
292,0.0033271005,0.004746349528431892,0.0019422892946749926,2,100,10,500,2,0,0,2,False,0.01,1,20,500,0
293,0.0033268714,0.004745301324874163,0.001941206748597324,2,100,10,500,2,0,0,2,False,0.01,1,20,500,0
294,0.0033263732,0.0047463770024478436,0.0019393082475289702,2,100,10,500,2,0,0,2,False,0.01,1,20,500,0
295,0.0033264693,0.004743372090160847,0.001935356529429555,2,100,10,500,2,0,0,2,False,0.01,1,20,500,0
296,0.00332678,0.004739943891763687,0.0019304509041830897,2,100,10,500,2,0,0,2,False,0.01,1,20,500,0
297,0.0033265494,0.0047570206224918365,0.0019463120261207223,2,100,10,500,2,0,0,2,False,0.01,1,20,500,0
298,0.0033261182,0.004751001484692097,0.0019387766951695085,2,100,10,500,2,0,0,2,False,0.01,1,20,500,0
299,0.0033257785,0.004750560969114304,0.0019386672647669911,2,100,10,500,2,0,0,2,False,0.01,1,20,500,0
300,0.0033256393,0.004760524723678827,0.0019484773511067033,2,100,10,500,2,0,0,2,False,0.01,1,20,500,0
301,0.0033254493,0.004759301897138357,0.0019462027121335268,2,100,10,500,2,0,0,2,False,0.01,1,20,500,0
302,0.0033255718,0.004754337016493082,0.0019422813784331083,2,100,10,500,2,0,0,2,False,0.01,1,20,500,0
303,0.0033251483,0.0047604539431631565,0.0019467375241219997,2,100,10,500,2,0,0,2,False,0.01,1,20,500,0
304,0.0033249399,0.004756880924105644,0.0019432073459029198,2,100,10,500,2,0,0,2,False,0.01,1,20,500,0
305,0.003324764,0.0047595263458788395,0.0019464849028736353,2,100,10,500,2,0,0,2,False,0.01,1,20,500,0
306,0.0033248425,0.004754369147121906,0.001939722103998065,2,100,10,500,2,0,0,2,False,0.01,1,20,500,0
307,0.0033249652,0.004752705805003643,0.0019379478180781007,2,100,10,500,2,0,0,2,False,0.01,1,20,500,0
308,0.0033248877,0.004751236643642187,0.0019337238045409322,2,100,10,500,2,0,0,2,False,0.01,1,20,500,0
309,0.0033249634,0.004748910199850798,0.0019322283333167434,2,100,10,500,2,0,0,2,False,0.01,1,20,500,0
310,0.0033248337,0.0047535402700304985,0.0019381997408345342,2,100,10,500,2,0,0,2,False,0.01,1,20,500,0
311,0.0033251909,0.004749196115881205,0.00193651276640594,2,100,10,500,2,0,0,2,False,0.01,1,20,500,0
312,0.0033251687,0.0047660465352237225,0.0019559741485863924,2,100,10,500,2,0,0,2,False,0.01,1,20,500,0
313,0.0033251015,0.004773397464305162,0.001961981412023306,2,100,10,500,2,0,0,2,False,0.01,1,20,500,0
314,0.003324701,0.004800909664481878,0.001991509459912777,2,100,10,500,2,0,0,2,False,0.01,1,20,500,0
315,0.0033241108,0.004788918420672417,0.001976679777726531,2,100,10,500,2,0,0,2,False,0.01,1,20,500,0
316,0.0033238032,0.004783150739967823,0.0019690711051225662,2,100,10,500,2,0,0,2,False,0.01,1,20,500,0
317,0.0033239755,0.004777433350682259,0.0019634899217635393,2,100,10,500,2,0,0,2,False,0.01,1,20,500,0
318,0.0033239843,0.004772023763507605,0.001957674277946353,2,100,10,500,2,0,0,2,False,0.01,1,20,500,0
319,0.0033241927,0.004767816048115492,0.001953344326466322,2,100,10,500,2,0,0,2,False,0.01,1,20,500,0
320,0.0033243424,0.004764791112393141,0.0019491225248202682,2,100,10,500,2,0,0,2,False,0.01,1,20,500,0
321,0.0033242032,0.004762754775583744,0.0019461862975731492,2,100,10,500,2,0,0,2,False,0.01,1,20,500,0
322,0.0033241257,0.004758948460221291,0.001943045761436224,2,100,10,500,2,0,0,2,False,0.01,1,20,500,0
323,0.0033241885,0.004769043531268835,0.001955272862687707,2,100,10,500,2,0,0,2,False,0.01,1,20,500,0
324,0.003324042,0.00476570101454854,0.001949592842720449,2,100,10,500,2,0,0,2,False,0.01,1,20,500,0
325,0.0033242563,0.004768572747707367,0.0019559708889573812,2,100,10,500,2,0,0,2,False,0.01,1,20,500,0
326,0.0033243746,0.0047781807370483875,0.001967345830053091,2,100,10,500,2,0,0,2,False,0.01,1,20,500,0
327,0.0033242046,0.004777294117957354,0.0019695302471518517,2,100,10,500,2,0,0,2,False,0.01,1,20,500,0
328,0.0033237808,0.004770068451762199,0.001958640990778804,2,100,10,500,2,0,0,2,False,0.01,1,20,500,0
329,0.0033236947,0.004769054241478443,0.001955116633325815,2,100,10,500,2,0,0,2,False,0.01,1,20,500,0
330,0.0033235964,0.0047849686816334724,0.0019696189556270838,2,100,10,500,2,0,0,2,False,0.01,1,20,500,0
331,0.0033233238,0.004778202623128891,0.0019639558158814907,2,100,10,500,2,0,0,2,False,0.01,1,20,500,0
332,0.0033229238,0.0047751180827617645,0.0019573168829083443,2,100,10,500,2,0,0,2,False,0.01,1,20,500,0
333,0.0033231673,0.004770404193550348,0.0019534952007234097,2,100,10,500,2,0,0,2,False,0.01,1,20,500,0
334,0.0033229846,0.0047692181542515755,0.0019456743029877543,2,100,10,500,2,0,0,2,False,0.01,1,20,500,0
335,0.003322915,0.004764515440911055,0.0019403595943003893,2,100,10,500,2,0,0,2,False,0.01,1,20,500,0
336,0.0033229636,0.0047606658190488815,0.0019368004286661744,2,100,10,500,2,0,0,2,False,0.01,1,20,500,0
337,0.0033228842,0.0047592236660420895,0.0019350632792338729,2,100,10,500,2,0,0,2,False,0.01,1,20,500,0
338,0.00332285,0.0047565363347530365,0.0019342271843925118,2,100,10,500,2,0,0,2,False,0.01,1,20,500,0
339,0.0033228677,0.004755436908453703,0.0019332589581608772,2,100,10,500,2,0,0,2,False,0.01,1,20,500,0
340,0.0033232067,0.004751014057546854,0.001930577796883881,2,100,10,500,2,0,0,2,False,0.01,1,20,500,0
341,0.003323164,0.004763464443385601,0.0019425712525844574,2,100,10,500,2,0,0,2,False,0.01,1,20,500,0
342,0.0033228912,0.004759732633829117,0.001936865272000432,2,100,10,500,2,0,0,2,False,0.01,1,20,500,0
343,0.0033226896,0.004768410697579384,0.0019482881762087345,2,100,10,500,2,0,0,2,False,0.01,1,20,500,0
344,0.0033226016,0.004783048760145903,0.001961043104529381,2,100,10,500,2,0,0,2,False,0.01,1,20,500,0
345,0.0033227273,0.004777973052114248,0.001954172970727086,2,100,10,500,2,0,0,2,False,0.01,1,20,500,0
346,0.0033222807,0.004770797211676836,0.001949174446053803,2,100,10,500,2,0,0,2,False,0.01,1,20,500,0
347,0.003322359,0.0047673811204731464,0.001944878720678389,2,100,10,500,2,0,0,2,False,0.01,1,20,500,0
348,0.0033226674,0.004763008560985327,0.0019414536654949188,2,100,10,500,2,0,0,2,False,0.01,1,20,500,0
349,0.003322623,0.004762162454426289,0.0019393126713111997,2,100,10,500,2,0,0,2,False,0.01,1,20,500,0
350,0.0033228672,0.0047590602189302444,0.0019355783006176353,2,100,10,500,2,0,0,2,False,0.01,1,20,500,0
351,0.0033229538,0.004757161717861891,0.00193311576731503,2,100,10,500,2,0,0,2,False,0.01,1,20,500,0
352,0.0033230092,0.004754591267555952,0.0019324995810166001,2,100,10,500,2,0,0,2,False,0.01,1,20,500,0
353,0.0033232642,0.004753462504595518,0.0019297588150948286,2,100,10,500,2,0,0,2,False,0.01,1,20,500,0
354,0.003323189,0.004752186592668295,0.0019284413428977132,2,100,10,500,2,0,0,2,False,0.01,1,20,500,0
355,0.0033228428,0.004761610645800829,0.0019367245258763433,2,100,10,500,2,0,0,2,False,0.01,1,20,500,0
356,0.0033228865,0.004771065432578325,0.0019506795797497034,2,100,10,500,2,0,0,2,False,0.01,1,20,500,0
357,0.0033225256,0.00478926720097661,0.001970668090507388,2,100,10,500,2,0,0,2,False,0.01,1,20,500,0
358,0.0033222074,0.004787188954651356,0.001969623379409313,2,100,10,500,2,0,0,2,False,0.01,1,20,500,0
359,0.003322379,0.004778947681188583,0.001959988847374916,2,100,10,500,2,0,0,2,False,0.01,1,20,500,0
360,0.003322411,0.004774926695972681,0.0019546435214579105,2,100,10,500,2,0,0,2,False,0.01,1,20,500,0
361,0.0033225736,0.004769627470523119,0.0019511044956743717,2,100,10,500,2,0,0,2,False,0.01,1,20,500,0
362,0.0033228644,0.004765423480421305,0.0019467395031824708,2,100,10,500,2,0,0,2,False,0.01,1,20,500,0
363,0.0033230754,0.004781578667461872,0.0019595613703131676,2,100,10,500,2,0,0,2,False,0.01,1,20,500,0
364,0.003322881,0.0047817411832511425,0.001964420545846224,2,100,10,500,2,0,0,2,False,0.01,1,20,500,0
365,0.0033226407,0.004778167698532343,0.0019582316745072603,2,100,10,500,2,0,0,2,False,0.01,1,20,500,0
366,0.00332256,0.004780353046953678,0.0019638282246887684,2,100,10,500,2,0,0,2,False,0.01,1,20,500,0
367,0.003322415,0.004776580724865198,0.0019602670799940825,2,100,10,500,2,0,0,2,False,0.01,1,20,500,0
368,0.0033228793,0.004771316424012184,0.0019530884455889463,2,100,10,500,2,0,0,2,False,0.01,1,20,500,0
369,0.0033228449,0.0047661904245615005,0.0019506537355482578,2,100,10,500,2,0,0,2,False,0.01,1,20,500,0
370,0.0033226884,0.004762910772114992,0.0019455908332020044,2,100,10,500,2,0,0,2,False,0.01,1,20,500,0
371,0.0033227804,0.0047606066800653934,0.001941292779520154,2,100,10,500,2,0,0,2,False,0.01,1,20,500,0
372,0.0033227087,0.004765181802213192,0.0019458952592685819,2,100,10,500,2,0,0,2,False,0.01,1,20,500,0
373,0.0033223722,0.004776733461767435,0.0019612712785601616,2,100,10,500,2,0,0,2,False,0.01,1,20,500,0
374,0.0033222914,0.004774067085236311,0.0019561483059078455,2,100,10,500,2,0,0,2,False,0.01,1,20,500,0
375,0.003322215,0.004771172069013119,0.0019544248934835196,2,100,10,500,2,0,0,2,False,0.01,1,20,500,0
376,0.0033222518,0.004767384845763445,0.0019487760728225112,2,100,10,500,2,0,0,2,False,0.01,1,20,500,0
377,0.0033221606,0.004778908099979162,0.001957972999662161,2,100,10,500,2,0,0,2,False,0.01,1,20,500,0
378,0.0033218237,0.004788644146174192,0.0019648103043437004,2,100,10,500,2,0,0,2,False,0.01,1,20,500,0
379,0.0033214786,0.004785781726241112,0.0019606593996286392,2,100,10,500,2,0,0,2,False,0.01,1,20,500,0
380,0.0033213708,0.0047841439954936504,0.001957131549715996,2,100,10,500,2,0,0,2,False,0.01,1,20,500,0
381,0.0033214653,0.0047914618626236916,0.0019671167246997356,2,100,10,500,2,0,0,2,False,0.01,1,20,500,0
382,0.0033213422,0.00478675402700901,0.0019635448697954416,2,100,10,500,2,0,0,2,False,0.01,1,20,500,0
383,0.0033211259,0.004781678784638643,0.001955455169081688,2,100,10,500,2,0,0,2,False,0.01,1,20,500,0
384,0.0033210684,0.004778502508997917,0.0019497643224895,2,100,10,500,2,0,0,2,False,0.01,1,20,500,0
385,0.0033212227,0.004777534399181604,0.0019490213599056005,2,100,10,500,2,0,0,2,False,0.01,1,20,500,0
386,0.0033216113,0.004773314110934734,0.001945999450981617,2,100,10,500,2,0,0,2,False,0.01,1,20,500,0
387,0.0033217985,0.004770788364112377,0.0019438544986769557,2,100,10,500,2,0,0,2,False,0.01,1,20,500,0
388,0.0033217317,0.004779128357768059,0.0019498654874041677,2,100,10,500,2,0,0,2,False,0.01,1,20,500,0
389,0.003321709,0.004772757180035114,0.0019435575231909752,2,100,10,500,2,0,0,2,False,0.01,1,20,500,0
390,0.0033218726,0.004769870080053806,0.0019404110498726368,2,100,10,500,2,0,0,2,False,0.01,1,20,500,0
391,0.0033220449,0.0047675371170043945,0.001938164816237986,2,100,10,500,2,0,0,2,False,0.01,1,20,500,0
392,0.0033220565,0.004765036515891552,0.0019364127656444907,2,100,10,500,2,0,0,2,False,0.01,1,20,500,0
393,0.0033224302,0.004761644173413515,0.0019350394140928984,2,100,10,500,2,0,0,2,False,0.01,1,20,500,0
394,0.0033225683,0.004773082211613655,0.0019476157613098621,2,100,10,500,2,0,0,2,False,0.01,1,20,500,0
395,0.0033224558,0.004766237922012806,0.001940549467690289,2,100,10,500,2,0,0,2,False,0.01,1,20,500,0
396,0.003322283,0.00476020947098732,0.0019329017959535122,2,100,10,500,2,0,0,2,False,0.01,1,20,500,0
397,0.0033220884,0.004779701121151447,0.001959466142579913,2,100,10,500,2,0,0,2,False,0.01,1,20,500,0
398,0.0033217233,0.0047723096795380116,0.0019518558401614428,2,100,10,500,2,0,0,2,False,0.01,1,20,500,0
399,0.003321416,0.004780869465321302,0.0019572449382394552,2,100,10,500,2,0,0,2,False,0.01,1,20,500,0
400,0.0033211322,0.0047896308824419975,0.0019683351274579763,2,100,10,500,2,0,0,2,False,0.01,1,20,500,0
401,0.0033211291,0.004783075302839279,0.0019598063081502914,2,100,10,500,2,0,0,2,False,0.01,1,20,500,0
402,0.0033209603,0.004775561857968569,0.0019517753971740603,2,100,10,500,2,0,0,2,False,0.01,1,20,500,0
403,0.003321224,0.004770742729306221,0.001943744020536542,2,100,10,500,2,0,0,2,False,0.01,1,20,500,0
404,0.0033207843,0.004788196180015802,0.0019595427438616753,2,100,10,500,2,0,0,2,False,0.01,1,20,500,0
405,0.0033207017,0.004781955853104591,0.00195680046454072,2,100,10,500,2,0,0,2,False,0.01,1,20,500,0
406,0.0033208686,0.004778559319674969,0.0019539669156074524,2,100,10,500,2,0,0,2,False,0.01,1,20,500,0
407,0.0033210034,0.004775048233568668,0.0019508728291839361,2,100,10,500,2,0,0,2,False,0.01,1,20,500,0
408,0.0033212644,0.004769535269588232,0.0019437983864918351,2,100,10,500,2,0,0,2,False,0.01,1,20,500,0
409,0.0033213592,0.004765940830111504,0.0019380929879844189,2,100,10,500,2,0,0,2,False,0.01,1,20,500,0
410,0.0033213515,0.004761908203363419,0.0019375176634639502,2,100,10,500,2,0,0,2,False,0.01,1,20,500,0
411,0.0033218237,0.004760353360325098,0.0019350908696651459,2,100,10,500,2,0,0,2,False,0.01,1,20,500,0
412,0.0033218684,0.004758880008012056,0.0019349264912307262,2,100,10,500,2,0,0,2,False,0.01,1,20,500,0
413,0.003321838,0.004771691747009754,0.0019469618564471602,2,100,10,500,2,0,0,2,False,0.01,1,20,500,0
414,0.003321451,0.004783672746270895,0.001961990026757121,2,100,10,500,2,0,0,2,False,0.01,1,20,500,0
415,0.0033216604,0.004778956063091755,0.001956711756065488,2,100,10,500,2,0,0,2,False,0.01,1,20,500,0
416,0.0033218942,0.004771720618009567,0.0019486562814563513,2,100,10,500,2,0,0,2,False,0.01,1,20,500,0
417,0.0033218225,0.004787208512425423,0.00196346128359437,2,100,10,500,2,0,0,2,False,0.01,1,20,500,0
418,0.0033218788,0.004783452022820711,0.0019608985166996717,2,100,10,500,2,0,0,2,False,0.01,1,20,500,0
419,0.0033217156,0.004781621973961592,0.0019600295927375555,2,100,10,500,2,0,0,2,False,0.01,1,20,500,0
420,0.0033217124,0.004777146968990564,0.0019563823007047176,2,100,10,500,2,0,0,2,False,0.01,1,20,500,0
421,0.0033215452,0.004780762363225222,0.001962136710062623,2,100,10,500,2,0,0,2,False,0.01,1,20,500,0
422,0.0033215606,0.004777422174811363,0.0019568426068872213,2,100,10,500,2,0,0,2,False,0.01,1,20,500,0
423,0.00332189,0.004773132037371397,0.001955155050382018,2,100,10,500,2,0,0,2,False,0.01,1,20,500,0
424,0.0033219114,0.004769764840602875,0.0019501734059304,2,100,10,500,2,0,0,2,False,0.01,1,20,500,0
425,0.003321854,0.004784710239619017,0.001966814510524273,2,100,10,500,2,0,0,2,False,0.01,1,20,500,0
426,0.0033216835,0.004787885118275881,0.001973348669707775,2,100,10,500,2,0,0,2,False,0.01,1,20,500,0
427,0.003321509,0.004783222917467356,0.001966692041605711,2,100,10,500,2,0,0,2,False,0.01,1,20,500,0
428,0.003321501,0.004780604969710112,0.0019619206432253122,2,100,10,500,2,0,0,2,False,0.01,1,20,500,0
429,0.0033214008,0.004778179340064526,0.0019581683445721865,2,100,10,500,2,0,0,2,False,0.01,1,20,500,0
430,0.0033212828,0.00477746082469821,0.001958474051207304,2,100,10,500,2,0,0,2,False,0.01,1,20,500,0
431,0.0033212488,0.004773584194481373,0.0019544330425560474,2,100,10,500,2,0,0,2,False,0.01,1,20,500,0
432,0.003321768,0.004768918734043837,0.0019494150765240192,2,100,10,500,2,0,0,2,False,0.01,1,20,500,0
433,0.0033220965,0.004763551522046328,0.0019424548372626305,2,100,10,500,2,0,0,2,False,0.01,1,20,500,0
434,0.0033225033,0.0047597261145710945,0.001939088455401361,2,100,10,500,2,0,0,2,False,0.01,1,20,500,0
435,0.0033228279,0.004755879752337933,0.0019354511750862002,2,100,10,500,2,0,0,2,False,0.01,1,20,500,0
436,0.0033227245,0.004752030596137047,0.001930124475620687,2,100,10,500,2,0,0,2,False,0.01,1,20,500,0
437,0.0033229443,0.004755264613777399,0.0019379566656425595,2,100,10,500,2,0,0,2,False,0.01,1,20,500,0
438,0.0033233038,0.004753813147544861,0.0019360047299414873,2,100,10,500,2,0,0,2,False,0.01,1,20,500,0
439,0.0033230132,0.004767578095197678,0.0019524379167705774,2,100,10,500,2,0,0,2,False,0.01,1,20,500,0
440,0.0033227473,0.004760994575917721,0.0019467376405373216,2,100,10,500,2,0,0,2,False,0.01,1,20,500,0
441,0.003322908,0.004757857881486416,0.0019425982609391212,2,100,10,500,2,0,0,2,False,0.01,1,20,500,0
442,0.0033233815,0.0047676353715360165,0.001956323394551873,2,100,10,500,2,0,0,2,False,0.01,1,20,500,0
443,0.0033230348,0.004761943593621254,0.001947664888575673,2,100,10,500,2,0,0,2,False,0.01,1,20,500,0
444,0.0033228018,0.004758636467158794,0.0019427089719101787,2,100,10,500,2,0,0,2,False,0.01,1,20,500,0
445,0.0033224872,0.004755106288939714,0.0019410517998039722,2,100,10,500,2,0,0,2,False,0.01,1,20,500,0
446,0.0033225515,0.004753174260258675,0.0019368617795407772,2,100,10,500,2,0,0,2,False,0.01,1,20,500,0
447,0.0033222605,0.0047579542733728886,0.0019430005922913551,2,100,10,500,2,0,0,2,False,0.01,1,20,500,0
448,0.0033223238,0.0047601694241166115,0.0019401113968342543,2,100,10,500,2,0,0,2,False,0.01,1,20,500,0
449,0.0033226549,0.004774610046297312,0.001959222601726651,2,100,10,500,2,0,0,2,False,0.01,1,20,500,0
450,0.0033225417,0.004783384036272764,0.001965918345376849,2,100,10,500,2,0,0,2,False,0.01,1,20,500,0
451,0.0033221631,0.004774394910782576,0.001959450775757432,2,100,10,500,2,0,0,2,False,0.01,1,20,500,0
452,0.0033218127,0.0047685508616268635,0.0019507035613059998,2,100,10,500,2,0,0,2,False,0.01,1,20,500,0
453,0.0033215096,0.004774848930537701,0.0019553557503968477,2,100,10,500,2,0,0,2,False,0.01,1,20,500,0
454,0.0033212584,0.004770743660628796,0.001949021709151566,2,100,10,500,2,0,0,2,False,0.01,1,20,500,0
455,0.0033210923,0.004769984167069197,0.0019461691845208406,2,100,10,500,2,0,0,2,False,0.01,1,20,500,0
456,0.0033210306,0.004768171813338995,0.0019426369108259678,2,100,10,500,2,0,0,2,False,0.01,1,20,500,0
457,0.003321085,0.004764944314956665,0.0019383833277970552,2,100,10,500,2,0,0,2,False,0.01,1,20,500,0
458,0.0033213187,0.004761993885040283,0.0019360407022759318,2,100,10,500,2,0,0,2,False,0.01,1,20,500,0
459,0.003321748,0.004757047165185213,0.0019319892162457108,2,100,10,500,2,0,0,2,False,0.01,1,20,500,0
460,0.0033218681,0.004754394758492708,0.001930705038830638,2,100,10,500,2,0,0,2,False,0.01,1,20,500,0
461,0.003321766,0.004758836235851049,0.0019378889119252563,2,100,10,500,2,0,0,2,False,0.01,1,20,500,0
462,0.003321653,0.004756059031933546,0.0019339877180755138,2,100,10,500,2,0,0,2,False,0.01,1,20,500,0
463,0.003321968,0.004763494245707989,0.0019392952090129256,2,100,10,500,2,0,0,2,False,0.01,1,20,500,0
464,0.0033219894,0.004768961109220982,0.0019460704643279314,2,100,10,500,2,0,0,2,False,0.01,1,20,500,0
465,0.0033221873,0.0047647906467318535,0.001944271964021027,2,100,10,500,2,0,0,2,False,0.01,1,20,500,0
466,0.0033223554,0.0047597275115549564,0.0019415831193327904,2,100,10,500,2,0,0,2,False,0.01,1,20,500,0
467,0.0033222768,0.004770485684275627,0.001954247709363699,2,100,10,500,2,0,0,2,False,0.01,1,20,500,0
468,0.0033222465,0.004766075871884823,0.0019482625648379326,2,100,10,500,2,0,0,2,False,0.01,1,20,500,0
469,0.0033221256,0.00476169865578413,0.0019416897557675838,2,100,10,500,2,0,0,2,False,0.01,1,20,500,0
470,0.0033223417,0.004763375502079725,0.0019443294731900096,2,100,10,500,2,0,0,2,False,0.01,1,20,500,0
471,0.0033223962,0.004758284892886877,0.0019358034478500485,2,100,10,500,2,0,0,2,False,0.01,1,20,500,0
472,0.0033225236,0.00476038595661521,0.0019421475008130074,2,100,10,500,2,0,0,2,False,0.01,1,20,500,0
473,0.0033228532,0.00476827984675765,0.0019511516438797116,2,100,10,500,2,0,0,2,False,0.01,1,20,500,0
474,0.0033226067,0.004764804616570473,0.0019477149471640587,2,100,10,500,2,0,0,2,False,0.01,1,20,500,0
475,0.00332238,0.004787965677678585,0.0019715677481144667,2,100,10,500,2,0,0,2,False,0.01,1,20,500,0
476,0.003322263,0.0047804610803723335,0.001964280381798744,2,100,10,500,2,0,0,2,False,0.01,1,20,500,0
477,0.003322051,0.004775988403707743,0.0019592291209846735,2,100,10,500,2,0,0,2,False,0.01,1,20,500,0
478,0.0033220083,0.004775404464453459,0.0019602887332439423,2,100,10,500,2,0,0,2,False,0.01,1,20,500,0
479,0.0033219075,0.004771084059029818,0.0019569210708141327,2,100,10,500,2,0,0,2,False,0.01,1,20,500,0
480,0.0033220642,0.004766283556818962,0.0019494621083140373,2,100,10,500,2,0,0,2,False,0.01,1,20,500,0
481,0.0033220535,0.004779366310685873,0.0019630787428468466,2,100,10,500,2,0,0,2,False,0.01,1,20,500,0
482,0.0033218786,0.004775238689035177,0.001959050539880991,2,100,10,500,2,0,0,2,False,0.01,1,20,500,0
483,0.003321699,0.004771627020090818,0.001953696832060814,2,100,10,500,2,0,0,2,False,0.01,1,20,500,0
484,0.0033215827,0.004769048187881708,0.0019505246309563518,2,100,10,500,2,0,0,2,False,0.01,1,20,500,0
485,0.003321983,0.004763116128742695,0.0019442359916865826,2,100,10,500,2,0,0,2,False,0.01,1,20,500,0
486,0.003322214,0.004758726805448532,0.001936732791364193,2,100,10,500,2,0,0,2,False,0.01,1,20,500,0
487,0.0033223405,0.004757740069180727,0.0019396302523091435,2,100,10,500,2,0,0,2,False,0.01,1,20,500,0
488,0.0033223296,0.004763574805110693,0.0019468179671093822,2,100,10,500,2,0,0,2,False,0.01,1,20,500,0
489,0.0033223513,0.0047894627787172794,0.001974193612113595,2,100,10,500,2,0,0,2,False,0.01,1,20,500,0
490,0.0033222125,0.0047788540832698345,0.00196565268561244,2,100,10,500,2,0,0,2,False,0.01,1,20,500,0
491,0.0033221082,0.004776362795382738,0.001961010042577982,2,100,10,500,2,0,0,2,False,0.01,1,20,500,0
492,0.0033218672,0.004773400258272886,0.001959732733666897,2,100,10,500,2,0,0,2,False,0.01,1,20,500,0
493,0.0033220507,0.004769312217831612,0.0019530743593350053,2,100,10,500,2,0,0,2,False,0.01,1,20,500,0
494,0.0033220043,0.004766462370753288,0.001949236961081624,2,100,10,500,2,0,0,2,False,0.01,1,20,500,0
495,0.0033223168,0.004762403666973114,0.0019432302797213197,2,100,10,500,2,0,0,2,False,0.01,1,20,500,0
496,0.0033221764,0.004777467809617519,0.0019564765971153975,2,100,10,500,2,0,0,2,False,0.01,1,20,500,0
497,0.003322331,0.0047732023522257805,0.0019535264000296593,2,100,10,500,2,0,0,2,False,0.01,1,20,500,0
498,0.0033226565,0.004767776001244783,0.001947726123034954,2,100,10,500,2,0,0,2,False,0.01,1,20,500,0
499,0.0033225908,0.004763334523886442,0.001944792689755559,2,100,10,500,2,0,0,2,False,0.01,1,20,500,0
