iter,data_noise_weight_0.1_mean,data_noise_weight_0.1_upper,data_noise_weight_0.1_lower,data_noise_weight_0.5_mean,data_noise_weight_0.5_upper,data_noise_weight_0.5_lower,data_noise_weight_1.0_mean,data_noise_weight_1.0_upper,data_noise_weight_1.0_lower,data_noise_weight_1.5_mean,data_noise_weight_1.5_upper,data_noise_weight_1.5_lower
0,140.6429455713289,141.09562389820476,140.19026724445305,144.64955331951626,145.03952239822948,144.25958424080304,155.09140976588046,155.56510899944695,154.61771053231396,172.30628012499102,172.84721187260521,171.76534837737682
1,137.70212811950898,138.21123541101284,137.19302082800513,141.866616699555,142.42707657506497,141.30615682404505,151.46533818628504,152.09603247322,150.83464389935008,169.65177705310867,170.09488323203857,169.20867087417878
2,135.0365354517847,135.72514724841926,134.3479236551501,138.89180395067572,139.51894372665038,138.26466417470107,148.63241836755097,149.4265598394279,147.83827689567403,166.06094342334956,166.72065789606248,165.40122895063664
3,133.59502151758824,133.92593581778743,133.26410721738904,135.80147280195806,136.36802735985276,135.23491824406335,146.38857382638574,146.97733388047314,145.79981377229834,162.73322324954952,163.29590775844218,162.17053874065687
4,130.36087014024065,131.04574044008763,129.67599984039367,134.25903414473623,135.019734046061,133.49833424341148,143.63341639719155,144.27145110522477,142.99538168915834,160.41791717251834,161.16446470301955,159.67136964201714
5,127.78951740913394,128.3681316301379,127.21090318812996,131.86426274262107,132.4486375159937,131.27988796924842,142.2575093270173,142.8425519613088,141.67246669272578,158.77648958921253,159.66466396051607,157.888315217909
6,126.15211299468919,126.74428644527092,125.55993954410746,130.52033690039514,131.04094398880025,129.99972981199002,139.73334851167738,140.25539194846985,139.2113050748849,156.2848090139716,157.0932959870699,155.4763220408733
7,124.67178319571494,125.22444176818482,124.11912462324506,128.3246792165416,128.99114707550865,127.65821135757456,137.89302807535472,138.44218887479815,137.3438672759113,154.05033403680835,154.80034929100322,153.3003187826135
8,122.62899028687016,122.92748716640025,122.33049340734007,127.5130223614801,128.15334657624774,126.87269814671245,136.94831627455738,137.56087537725475,136.33575717186002,153.20481290805486,153.9126795494355,152.49694626667423
9,120.83791485344359,121.19378125432048,120.4820484525667,125.42972166474019,125.76641278002586,125.09303054945451,135.4540313996592,136.35344779905466,134.5546150002637,151.42265960254437,152.01538840499495,150.8299308000938
10,119.4822869722876,119.91119992012469,119.0533740244505,124.74022397941458,124.92929405661002,124.55115390221914,134.17099371476166,134.7902730757521,133.55171435377122,149.71034764955306,150.5658222833854,148.85487301572073
11,118.4815083941423,118.82728522139476,118.13573156688983,123.04191545647537,123.47896775120729,122.60486316174344,132.77367921008963,133.66343643468284,131.8839219854964,147.81551755957977,148.53570627518096,147.0953288439786
12,117.6517094813873,117.94466129639538,117.35875766637922,121.8547676287171,122.26717391800078,121.44236133943342,131.67156394628674,132.24908239295988,131.0940454996136,146.99926735654975,148.0273852185672,145.9711494945323
13,116.02745350525417,116.30351555001234,115.75139146049601,120.58335495115382,121.04899435595344,120.1177155463542,130.78603055332889,131.60276354995528,129.9692975567025,146.1756298107731,147.09511509236143,145.25614452918478
14,115.74327958574452,116.1859436347984,115.30061553669063,120.07561127055854,120.45777646402779,119.69344607708929,129.57686037459973,130.24877650351888,128.90494424568058,145.6940250773289,146.61159939957884,144.77645075507894
15,115.31732646130467,115.88214054404334,114.75251237856601,119.16389266468552,119.5438689090598,118.78391642031124,128.7642161247394,129.45750377461528,128.0709284748635,144.28278251980132,145.15863366632948,143.40693137327315
16,113.46770002853263,113.97611273954608,112.95928731751918,118.33411241083948,118.65212707688154,118.01609774479742,127.41425711819977,128.00948390750415,126.81903032889541,142.83303616505768,143.59074315375943,142.07532917635592
17,113.29461258738607,113.72315866701662,112.86606650775552,117.67924340478196,118.0216824757354,117.33680433382851,127.17454553761533,127.677596032607,126.67149504262366,142.8061327543297,143.4081656478266,142.2040998608328
18,112.87423506730515,113.2811689763777,112.4673011582326,116.395648824753,116.81751600847235,115.97378164103364,125.81037206937285,126.1840812901262,125.43666284861949,142.4490383026422,143.39059427813072,141.5074823271537
19,112.67404372666269,113.08575405948572,112.26233339383965,116.09617067864656,116.63181542265943,115.56052593463369,125.67595659975973,126.20037579647035,125.1515374030491,141.30385609862418,142.22096319728197,140.3867489999664
20,112.1764527680372,112.46400035944944,111.88890517662495,115.70112111212639,116.28684270254666,115.11539952170611,125.27482005129882,125.71115960233136,124.83848050026627,140.56222527689215,141.47920186272307,139.64524869106123
21,111.36818329086604,111.87694655177503,110.85942002995705,114.7170301103924,115.06661471507752,114.36744550570728,124.1644261369411,124.51839114644143,123.81046112744077,139.47749552013212,140.2598823546159,138.69510868564834
22,110.54498698719445,111.01652080810001,110.07345316628889,114.35646011524966,114.86783111308611,113.84508911741321,123.51067673609012,123.96090866472112,123.06044480745912,138.81579390053994,139.60127893302345,138.03030886805644
23,110.40472162443682,110.85881867989723,109.95062456897641,113.92105023280187,114.36278606338458,113.47931440221917,123.1641131910159,123.64482553322469,122.68340084880711,138.55375972724926,139.3939260259216,137.71359342857693
24,109.71393501031689,110.04644788062046,109.38142214001331,113.20783142344169,113.67201513523855,112.74364771164483,122.67974300534873,123.09040041974544,122.26908559095202,137.5127388000863,138.29410997747487,136.73136762269775
25,109.64413714322987,110.03109766960765,109.25717661685209,113.0112510705997,113.55164815720788,112.47085398399152,122.33980052727149,122.8015191788321,121.87808187571089,137.1949076617515,138.0348617265525,136.3549535969505
26,109.13981210858245,109.54648236093257,108.73314185623232,112.72573381017881,113.2395079219676,112.21195969839002,122.29575616938496,122.60732447746696,121.98418786130296,137.49535888385589,138.32922467139957,136.6614930963122
27,108.31310486132618,108.59413210694173,108.03207761571063,111.83497378531418,112.21978240990231,111.45016516072604,121.67232216184023,122.00127981190322,121.34336451177724,136.42094205641436,137.0547332898995,135.78715082292922
28,108.29618933048967,108.83756191635212,107.75481674462722,111.85838672854909,112.47604853957924,111.24072491751895,121.5756531455908,122.10436372983516,121.04694256134646,136.83354388677282,137.48502602023214,136.1820617533135
29,107.56380377211983,107.98466119824967,107.14294634598998,111.33327664335427,111.75942588455688,110.90712740215166,121.17257427504235,121.67334060099432,120.67180794909038,135.0443919601799,135.76934878660504,134.31943513375475
30,107.74637870161601,108.10029900642019,107.39245839681183,111.30648225206338,111.7743385181206,110.83862598600615,120.23105384604685,120.63929216615053,119.82281552594317,135.1797559184734,135.7725092827363,134.5870025542105
31,106.5103720605025,106.84984812497966,106.17089599602535,110.65642833020979,111.20443801374888,110.1084186466707,120.232957996743,120.56128746947488,119.90462852401112,135.19960050044793,135.85323218694086,134.545968813955
32,106.82165520484807,107.18402221618962,106.45928819350652,110.32996389843251,110.9008855766833,109.75904222018173,119.85019691795382,120.23173273162425,119.4686611042834,134.6405356195161,135.35409819698415,133.92697304204805
33,106.41959505734174,106.81920902726208,106.0199810874214,110.00540042781647,110.52972445298201,109.48107640265093,119.81044205500794,120.25088268979589,119.37000142021999,133.73746243202146,134.5519112876548,132.92301357638812
34,106.22346213143521,106.7235709061429,105.72335335672753,109.59695480307744,110.11001095279056,109.08389865336432,118.53200644864482,118.8306414765243,118.23337142076534,133.8261887870962,134.50039232187774,133.1519852523147
35,106.00212201639616,106.41639757302572,105.5878464597666,109.44631036216765,110.05718059441185,108.83544012992346,119.03577185525243,119.46425977018257,118.6072839403223,133.79975409701913,134.38085038525637,133.2186578087819
36,105.6390491356085,105.92301968224571,105.3550785889713,109.80121230271452,110.27829837880167,109.32412622662737,118.90436635586192,119.47890937687323,118.32982333485062,133.72432532204533,134.35132335270166,133.097327291389
37,105.38384396170973,105.76329232951483,105.00439559390463,108.55300430747945,108.98122355873662,108.1247850562223,118.32156370885173,118.70558071418797,117.93754670351548,133.51647379455926,134.0803954775697,132.9525521115488
38,105.50828226134243,105.94066579880186,105.075898723883,108.6032115497962,109.00015712959492,108.20626596999747,118.71985582148787,119.23284877949449,118.20686286348125,132.70976289362562,133.38519302022368,132.03433276702756
39,105.63550161965398,105.89336250767205,105.3776407316359,108.45271313244857,108.93497811483118,107.97044815006595,117.76492817822891,118.24902956796967,117.28082678848816,132.30006727172977,132.95575634520824,131.6443781982513
40,105.08491038146515,105.41266049502731,104.75716026790299,108.40308451002764,108.91282563155345,107.89334338850183,117.93562269795507,118.42796298009283,117.44328241581731,132.23387622217507,132.62292678684227,131.84482565750787
41,105.02075469036018,105.32774719249171,104.71376218822864,108.97896272912438,109.4386419649849,108.51928349326386,117.80006970667625,118.26222703061616,117.33791238273635,132.57305263376955,133.14922268942288,131.9968825781162
42,104.70541136164734,105.01119615172169,104.39962657157298,108.35239732947187,108.81681755057883,107.88797710836491,117.72895099595027,118.24967294140328,117.20822905049727,132.14048614388403,132.5604301639657,131.72054212380237
43,104.0682241582872,104.41045436846413,103.72599394811026,107.85959846180273,108.42784291655433,107.29135400705114,117.79918052496755,118.2837977969879,117.31456325294721,131.69524138836647,132.19577882806405,131.1947039486689
44,104.38980959590349,104.72677994324076,104.05283924856622,107.97033677849575,108.32812054271635,107.61255301427515,117.1710425638822,117.62229310129156,116.71979202647283,131.3639483278502,131.8250411771423,130.9028554785581
45,104.00651855136341,104.20329085813175,103.80974624459508,107.88365076370096,108.45402370021198,107.31327782718994,117.04913455098585,117.42264735213352,116.67562174983819,131.06429265236562,131.75398596406862,130.37459934066263
46,103.7446799494237,104.11539399056107,103.37396590828632,107.20390402437916,107.62139295841902,106.78641509033929,116.93171635485503,117.42370337872727,116.43972933098279,130.94735735509704,131.57069600760468,130.3240187025894
47,103.81761695826603,104.26407490139462,103.37115901513744,106.8430790796355,107.31550095082746,106.37065720844355,116.99988197862531,117.40538443554469,116.59437952170593,131.18510602808237,131.8834115395576,130.48680051660713
48,103.95400894426405,104.08679790978255,103.82121997874555,107.06514917601439,107.35275179641363,106.77754655561515,117.4890207896215,117.986795211736,116.99124636750702,131.11470298833655,131.60177956657375,130.62762641009934
49,103.74366986370262,104.14738505516124,103.339954672244,107.06898955447801,107.4863499165957,106.65162919236032,116.79004897087073,117.21985379767649,116.36024414406496,130.34706080996224,130.72578047712292,129.96834114280156
50,103.34046397297706,103.5897902364078,103.09113770954633,106.96099499826309,107.43577327111015,106.48621672541603,117.16984101082983,117.68256360550139,116.65711841615827,130.39292162297127,130.92192776155207,129.86391548439047
51,102.81982170234035,103.25007916003527,102.38956424464543,106.68642844423952,107.14320983911507,106.22964704936398,117.44422123932983,117.82052327977989,117.06791919887978,130.15459721146905,130.66152481605266,129.64766960688544
52,103.49451925853063,103.74443142916986,103.2446070878914,106.75903885844806,107.13982355134915,106.37825416554698,116.59324626346488,117.06310160264442,116.12339092428533,129.93791520683175,130.5242495942187,129.3515808194448
53,103.20439799149551,103.56698290606217,102.84181307692886,106.6149474652314,107.18693449753768,106.04296043292511,116.90074574773516,117.31128858247418,116.49020291299614,129.7371687922062,130.3815392015484,129.092798382864
54,102.86668180222478,103.15756300320388,102.57580060124567,106.51107174378114,106.94242638461174,106.07971710295055,116.16602436824394,116.5674244389603,115.76462429752758,130.2090109610217,130.6837175127948,129.7343044092486
55,103.15443382183703,103.49997135896984,102.80889628470422,106.30538990315749,106.71876681638145,105.89201298993353,115.5465550667656,115.894984494312,115.19812563921921,130.60861788007097,130.96963931255806,130.24759644758387
56,102.68163286408205,102.9167901401816,102.44647558798249,106.50898538629913,106.94397737630632,106.07399339629194,115.3700293428999,115.96803989299772,114.77201879280207,130.30469885980824,130.78520271805542,129.82419500156107
57,102.70825035595303,103.00686369366635,102.4096370182397,105.97932654804193,106.39666727530903,105.56198582077482,115.60263211151975,116.13007081204297,115.07519341099653,129.60488567519727,130.21811206076293,128.9916592896316
58,102.53064573154157,102.86345235914987,102.19783910393326,106.21392006719566,106.62953238873878,105.79830774565254,115.96758918158059,116.55988289352008,115.3752954696411,129.6728028293365,130.17288752724303,129.17271813142995
59,102.1701497184271,102.45211268276171,101.88818675409249,105.59639637996099,105.96984363178638,105.22294912813561,114.95067973583897,115.45457137060835,114.4467881010696,129.9834043332161,130.61644370170893,129.35036496472327
60,102.4203428718146,102.82357220401838,102.01711353961082,106.33897911756613,106.79847393605793,105.87948429907432,115.7154916058686,116.16395289935821,115.267030312379,129.42429014354366,129.9519661959551,128.89661409113222
61,102.15308907163723,102.4868201823957,101.81935796087875,106.40394370168087,106.78896270501265,106.0189246983491,115.23535646308467,115.69870042414242,114.77201250202693,129.83914289402074,130.41423929667974,129.26404649136174
62,102.6349711775335,103.05041507324997,102.21952728181704,106.19948546954518,106.6402184744618,105.75875246462856,114.92059232138402,115.26093396343147,114.58025067933657,129.37537624463806,129.93572973166275,128.81502275761338
63,102.42260722008272,102.7819247063337,102.06328973383175,106.05314541586752,106.51915088262085,105.58713994911419,115.54225844000086,116.02342450935572,115.06109237064601,129.82929754118558,130.27643325368942,129.38216182868175
64,102.04658667919368,102.3598125273029,101.73336083108445,106.1900659981333,106.67228189838299,105.70785009788362,115.55119103851496,115.82528774060475,115.27709433642517,129.27198476698044,129.90820946441488,128.635760069546
65,101.99062077170029,102.37272692189428,101.6085146215063,105.82127156569145,106.28827595441017,105.35426717697273,115.54785371765956,115.84769882259653,115.2480086127226,129.7564835318703,130.26028658433907,129.2526804794015
66,101.82850873931982,102.03908589835243,101.6179315802872,105.94342139417301,106.18343499553173,105.7034077928143,115.0818466274067,115.58374417244006,114.57994908237335,129.17420547165653,129.66845182596012,128.67995911735295
67,101.64907024168517,101.88541297949341,101.41272750387692,105.70633666087652,106.17528557573188,105.23738774602116,115.0339789065852,115.46811728330151,114.5998405298689,128.94921607670656,129.43029082483702,128.4681413285761
68,102.36032458074887,102.7328977190067,101.98775144249103,105.94964505996161,106.53666351761785,105.36262660230537,115.00725691036266,115.51552937263662,114.49898444808869,129.45878391221805,129.9997665095651,128.917801314871
69,101.80128250849123,101.99850858055446,101.604056436428,105.54048976194227,105.95880952108855,105.12217000279598,114.41828028689561,114.89442350141736,113.94213707237385,128.77829184694414,129.25714157318626,128.29944212070203
70,102.28873006141426,102.46740867340257,102.11005144942594,106.04795298865176,106.63345601801258,105.46244995929094,114.37284242209664,114.75354326721796,113.99214157697531,128.96322459913603,129.38309656856163,128.54335262971043
71,102.50914571937714,102.84001508331103,102.17827635544326,105.41648781758818,105.78933989109983,105.04363574407652,114.07357806081627,114.54922870198394,113.59792741964861,129.22716069157315,129.71934544983068,128.7349759333156
72,102.01551859854622,102.34921410531948,101.68182309177297,105.35756886938054,105.90616275921148,104.8089749795496,114.1869285076406,114.60408730124487,113.76976971403633,129.06819170124413,129.55010605294152,128.58627734954675
73,101.90767231007052,102.25036842909209,101.56497619104896,105.03508901677296,105.42386904924844,104.64630898429748,114.83693062742432,115.22367858306811,114.45018267178054,129.21141284088782,129.68602079808534,128.7368048836903
74,101.92236183429368,102.41043960359887,101.43428406498849,105.30114201068179,105.73072953112577,104.8715544902378,114.17770421743528,114.62498502697797,113.73042340789259,128.72851996678827,129.3397906663067,128.11724926726984
75,102.32329931752768,102.86313083109756,101.7834678039578,105.5408197110576,105.95487931442,105.12676010769519,114.69070229032161,115.08996700946,114.29143757118322,129.40443069710278,129.79307727617382,129.01578411803175
76,101.85186883732183,102.23799180986146,101.4657458647822,105.04266729192618,105.46142275099946,104.6239118328529,114.9179744149061,115.31899545099664,114.51695337881556,129.30380582560352,129.95519525059984,128.6524164006072
77,101.33622169466955,101.5316912689843,101.14075212035479,105.5368159000288,106.17477011740733,104.89886168265026,115.05342436522096,115.57986454654426,114.52698418389767,128.90075370432524,129.31223532665572,128.48927208199476
78,101.70125474631922,101.95649358475718,101.44601590788126,105.46305003544971,106.00279701320638,104.92330305769305,115.10968535085665,115.49379070462868,114.72557999708462,128.7072975376158,129.1488220157955,128.2657730594361
79,101.87618519712333,102.22630884218668,101.52606155205999,105.18856924791365,105.85876764219111,104.51837085363618,114.45864214542954,114.93237655554184,113.98490773531724,129.2313021498594,129.72177000441278,128.74083429530603
80,102.2145196320831,102.55439524596346,101.87464401820273,104.66821907619529,105.16552153626975,104.17091661612082,114.81561859077176,115.14197581127473,114.48926137026879,128.90156368357546,129.24755157074063,128.5555757964103
81,102.07117035493569,102.40793830135026,101.73440240852112,105.30599888703568,105.69091232064036,104.921085453431,114.0508057957887,114.45460171860901,113.6470098729684,128.7674501371509,129.2784696622377,128.25643061206407
82,101.92219271005331,102.17788845536583,101.66649696474079,105.07671053643674,105.58443132192491,104.56898975094856,114.58904137088057,114.80365696900489,114.37442577275624,128.84675701423276,129.56961687810812,128.1238971503574
83,101.61727430892746,101.88832796133362,101.34622065652131,105.00741698230092,105.63258780123698,104.38224616336487,114.24356437628487,114.54024503302941,113.94688371954032,128.86311942055173,129.3990227197904,128.32721612131306
84,101.42145590908379,101.65332481195364,101.18958700621394,104.9445917380194,105.48410789631495,104.40507557972384,114.7747487616009,115.20315379062427,114.34634373257754,128.6998012332719,129.33528263280434,128.06431983373946
85,101.86938944494092,102.07544163080235,101.6633372590795,104.6902306297485,105.1338780006338,104.2465832588632,114.36174514835798,114.78254550395984,113.94094479275613,128.42187582369644,129.00928062589352,127.83447102149935
86,101.35818278508256,101.8274041013349,100.88896146883022,104.96175466167634,105.4854842483581,104.43802507499457,114.43908278365976,114.71546942279139,114.16269614452813,128.94605142042184,129.3265966682507,128.565506172593
87,101.53058143756057,101.80326487450728,101.25789800061386,104.53144880914348,105.08308787124533,103.97980974704164,114.16546923695805,114.47425434342519,113.8566841304909,128.6411942276136,129.14583519346814,128.13655326175905
88,100.82939619854984,101.1334636349747,100.52532876212499,104.47711378558438,105.09862348377752,103.85560408739124,114.79819438585773,115.3333690511739,114.26301972054155,127.99356663397616,128.3415540554401,127.64557921251223
89,101.68569149190347,101.96314268546439,101.40824029834255,104.21855056805586,104.72924294244814,103.70785819366358,114.44869399385475,114.76961792089317,114.12777006681632,128.5171205274084,128.98287779192114,128.05136326289565
90,101.49687969416507,101.85246938481423,101.14129000351592,105.13911220824625,105.5889300327043,104.6892943837882,114.2508437579254,114.71939083814173,113.78229667770906,128.56972687411874,129.00529622971177,128.1341575185257
91,101.64221339343163,102.05244330909265,101.23198347777061,104.21681145759139,104.67197228813747,103.76165062704531,114.00886370314069,114.39318300254058,113.6245444037408,128.6889460259552,129.0009590091869,128.37693304272352
92,101.31821646834713,101.58234332009037,101.05408961660389,104.95076501432736,105.31002788657521,104.5915021420795,114.32568943142971,114.72414424180964,113.92723462104978,128.76265877291198,129.15470807069784,128.37060947512612
93,101.77888809705131,102.05877198437844,101.49900420972418,104.5664180186964,105.00173739626915,104.13109864112364,113.93563313623054,114.26368631377116,113.60757995868991,128.79252444331354,129.31653751241672,128.26851137421036
94,101.30042780115565,101.62513243914557,100.97572316316572,104.62139890593687,105.17624772713205,104.06655008474169,114.17508069143939,114.5488431619248,113.80131822095399,128.50843484149922,129.0905675998594,127.92630208313902
95,101.262119078504,101.62775565840026,100.89648249860774,104.30200956680707,104.94846701195681,103.65555212165734,113.97959876985979,114.39584693135177,113.56335060836781,127.98291256651916,128.47642791376535,127.48939721927297
96,101.4833679450965,101.8337762214255,101.13295966876751,104.22695687085056,104.69001175084188,103.76390199085924,114.69857090833128,115.09280468472733,114.30433713193523,128.2258699757823,128.77021262137103,127.68152733019356
97,101.34726366735167,101.75844001890566,100.93608731579768,104.81623605356715,105.34519927630654,104.28727283082776,113.52482613306736,113.84342991459688,113.20622235153785,128.21964313582916,128.63054865902066,127.80873761263766
98,101.49719725254667,101.7634149617026,101.23097954339075,104.57458912619731,105.31779617980646,103.83138207258816,114.46783002157345,114.7210442999125,114.21461574323439,128.18494909908333,128.66521361481423,127.70468458335242
99,101.74335317745404,102.03422483265675,101.45248152225133,104.17428381590973,104.6656092005114,103.68295843130807,113.84353838076404,114.30420161133014,113.38287515019795,128.99038383189605,129.52916319414135,128.45160446965076
100,101.47007204667491,101.70094684122996,101.23919725211987,104.4954605686404,105.0404896901677,103.95043144711309,114.40913989137468,114.76050938851014,114.05777039423921,128.5497410344366,129.06187528966643,128.03760677920678
101,101.69161932336173,102.03364159014737,101.3495970565761,104.42145788776982,104.91955068584673,103.92336508969291,113.58871043285664,113.96790671194441,113.20951415376888,128.4850082083768,129.0037296028459,127.96628681390767
102,101.44702556500546,101.76448935059115,101.12956177941977,104.48395228734577,104.8796226041015,104.08828197059005,113.68140823465448,114.14683741579219,113.21597905351678,128.50187819367505,129.2016268083924,127.80212957895769
103,101.1118362166764,101.38018688486409,100.8434855484887,104.54087194265904,104.99142898554466,104.09031489977342,113.94326561697599,114.25953944539654,113.62699178855544,128.41655891804913,128.80353343655153,128.02958439954674
104,101.70384028002609,102.05034693202761,101.35733362802456,104.23959932880253,104.62812149352077,103.85107716408429,113.48986643817128,113.86452422308936,113.11520865325319,128.36743551716822,128.8691590084572,127.86571202587926
105,101.24600824621206,101.58946422368203,100.90255226874208,104.58635291468256,105.06497733285028,104.10772849651485,113.90328289012041,114.27586407031336,113.53070170992746,129.09853317686878,129.6184011317437,128.57866522199387
106,101.55575858754837,101.82520012579779,101.28631704929894,104.49863157256144,104.98197566515039,104.01528747997249,113.5691028060241,113.87580982718583,113.26239578486238,128.25012634667183,128.74575636659355,127.75449632675011
107,101.1967950492268,101.4833398670827,100.91025023137088,104.39392392574268,104.82502111869209,103.96282673279327,113.78229556441617,114.14316079956959,113.42143032926276,128.27607402989068,128.78261505157155,127.76953300820982
108,100.32772562805174,100.69517402458104,99.96027723152244,104.62904781888187,105.22317203314763,104.03492360461611,113.73591902410703,114.06857514620607,113.403262902008,127.8497778557556,128.3524056498289,127.34715006168229
109,101.15618124765658,101.39097227330207,100.92139022201108,104.03832424647472,104.63019681246409,103.44645168048534,113.36392480130841,113.62419818403305,113.10365141858378,128.2839082931692,128.6543175278362,127.91349905850217
110,100.8902611838045,101.13252965745684,100.64799271015215,104.02061171080891,104.59911052048167,103.44211290113614,113.95560577152533,114.21084308615617,113.70036845689448,127.81545881614247,128.26025916039782,127.3706584718871
111,100.4846921385251,100.80101705576966,100.16836722128055,103.99031297845556,104.45393685786136,103.52668909904976,113.45088246043471,113.81678746284867,113.08497745802076,128.7104653990496,129.28123110408737,128.13969969401185
112,101.0244421243056,101.29289949639048,100.75598475222071,104.36811485630946,104.71569221559365,104.02053749702527,113.94984788107062,114.2057330610116,113.69396270112965,128.72935790102744,129.31320511888183,128.14551068317306
113,100.91941728891354,101.17406804071764,100.66476653710943,104.16649837084177,104.48934257983345,103.84365416185008,114.05803572732702,114.26994049380272,113.84613096085133,127.95182563120775,128.45677921110766,127.44687205130784
114,100.87305521814575,101.22380860376173,100.52230183252978,103.55482125513257,104.00885146883401,103.10079104143112,113.87603678500572,114.34362823263594,113.40844533737551,129.0157269493225,129.4104269074206,128.6210269912244
115,100.73512422177387,100.97564886243742,100.49459958111032,104.65521494228649,105.1507980414474,104.15963184312558,113.88007509866989,114.55220330566023,113.20794689167955,128.63506474150807,128.89670612418212,128.37342335883403
116,100.73942597153375,101.03629034990429,100.4425615931632,104.53733418725785,105.2493617908314,103.82530658368431,113.77701961414625,114.0689775074655,113.485061720827,128.5979317312343,129.09065873511076,128.10520472735783
117,100.36624402914086,100.64781248594969,100.08467557233203,103.648418100553,104.01569022304065,103.28114597806535,113.09078849139087,113.45707533919446,112.72450164358727,128.23365135853155,128.73315426393944,127.73414845312367
118,100.68487981801309,101.06705359037653,100.30270604564964,104.36566182488404,104.8406283122794,103.89069533748868,113.6372783841958,113.91616725708383,113.35838951130776,128.4754796921495,128.90659359519606,128.04436578910293
119,101.11417650896317,101.40450629946321,100.82384671846313,104.33967888804746,104.7960236296167,103.88333414647822,113.48868389535855,113.83131262348874,113.14605516722835,128.316261733122,128.8584342957674,127.77408917047659
120,101.22027544445346,101.6116647691998,100.82888611970712,104.94885969675784,105.45884741405526,104.43887197946042,114.01334213875069,114.51728436669008,113.5093999108113,128.054707247447,128.4946872023221,127.6147272925719
121,100.87472613245734,101.14839330695585,100.60105895795883,104.18458263721872,104.52479470629899,103.84437056813846,114.1745852069261,114.73687562408678,113.61229478976541,128.4241272741979,129.05767428483122,127.79058026356458
122,100.95896602409502,101.36099340419456,100.55693864399548,104.34560488725053,104.82086390146891,103.87034587303215,113.86657582192973,114.3066073449858,113.42654429887365,128.1862772262248,128.5858104373907,127.7867440150589
123,101.13775442873506,101.54948062801151,100.72602822945862,104.28478642731014,104.67831438076863,103.89125847385165,113.75244567589127,114.25038274145895,113.25450861032358,127.50248359202666,127.99784984569939,127.00711733835394
124,100.95047627287774,101.345632832051,100.55531971370448,103.80842000985203,104.15352461450385,103.4633154052002,113.71415142733392,114.20459037895361,113.22371247571422,128.2008998289754,128.62830258299607,127.7734970749547
125,101.39813153062343,101.89435346362548,100.90190959762138,104.11129537471709,104.65150418708201,103.57108656235216,113.74159296056003,114.27693942883678,113.20624649228327,127.65056410991117,128.13562781586847,127.16550040395387
126,100.91963724800935,101.30741592159562,100.53185857442308,103.9337392038207,104.38274902089474,103.48472938674668,113.86332293837901,114.36888184052673,113.3577640362313,128.35712775090008,128.84223522185025,127.8720202799499
127,101.54321319773496,101.95833638673511,101.1280900087348,103.92815872826284,104.43234922239135,103.42396823413434,113.49742000599676,113.96648980984062,113.0283502021529,127.66969800587756,128.15910400958234,127.18029200217279
128,101.0546807146716,101.37233899909936,100.73702243024385,104.00516586653089,104.26914816612376,103.74118356693802,114.26037432519004,114.66745180003163,113.85329685034846,127.7024474462838,128.22864457353685,127.17625031903073
129,101.20226229463552,101.58276044989924,100.8217641393718,104.10241706148936,104.46055730460715,103.74427681837157,113.81109658846829,114.20265374827466,113.41953942866192,127.72504407153492,128.20960633820772,127.24048180486213
130,101.07022472121983,101.39208452549803,100.74836491694163,104.18255667461615,104.46997568243454,103.89513766679777,113.63029480554755,114.01060008330563,113.24998952778947,128.3615357889342,128.8059125702337,127.91715900763471
131,100.40550886668257,100.78294169337163,100.02807603999351,104.13476814093424,104.6197179472161,103.64981833465238,114.05214407999306,114.61540833146913,113.48887982851699,128.21444347909772,128.728980203646,127.69990675454946
132,100.69946512122637,101.12188838347137,100.27704185898136,104.0278964268889,104.23336938957176,103.82242346420604,113.35573522783645,113.92399081774123,112.78747963793167,128.10608412710334,128.5362040719898,127.67596418221689
133,101.07762025071231,101.54695616340949,100.60828433801514,103.66182023370989,104.13245570430439,103.19118476311539,113.74701563905637,114.30181769235632,113.19221358575642,127.9261047299533,128.37616152611469,127.47604793379189
134,101.2769964266036,101.6031204137518,100.95087243945541,104.58600165248485,105.13594319456533,104.03606011040438,112.93382174043097,113.25941364647464,112.6082298343873,127.90151779143216,128.21620833783385,127.58682724503048
135,100.76540467688187,101.056453438303,100.47435591546075,104.14680030502021,104.58508337083033,103.70851723921008,113.51226599043079,113.97889606535725,113.04563591550433,128.39434676272123,128.90776287630075,127.88093064914172
136,101.38987804222302,101.66676172372941,101.11299436071663,103.95128565911054,104.25918716796683,103.64338415025425,114.08396747327845,114.47766389127766,113.69027105527924,128.34416123419965,128.7972106503455,127.8911118180538
137,100.9160143868746,101.20559453184909,100.6264342419001,103.73184946580258,104.17568867280168,103.28801025880348,113.31202661790383,113.89424477647138,112.72980845933627,127.88447998475124,128.3314843271416,127.4374756423609
138,101.39571390974416,101.8262258176918,100.96520200179651,103.78485619282897,104.16059751796737,103.40911486769056,114.02903477380134,114.421956775604,113.63611277199868,128.0367386196882,128.66101313833133,127.41246410104509
139,101.11489618455661,101.54643917668454,100.68335319242868,104.05203443270054,104.34077436760265,103.76329449779843,113.90224483896893,114.439862505589,113.36462717234885,128.07324059514056,128.43746674170023,127.70901444858089
140,100.97107701375994,101.33731327023999,100.60484075727989,104.3325915344174,104.78415940450013,103.88102366433468,113.55559508933106,114.11646861957409,112.99472155908803,128.0022805887823,128.7816279556352,127.22293322192941
141,100.84811527990439,101.12792508446215,100.56830547534663,104.32391937710773,104.62972740475266,104.0181113494628,114.04868905051467,114.46125660790645,113.63612149312289,128.40697072284166,128.99904408025205,127.81489736543128
142,100.99202880954445,101.37684469237645,100.60721292671245,104.25253522548056,104.81612067859425,103.68894977236687,113.58279224873391,114.00448625530285,113.16109824216497,128.2151045563211,128.74702989870835,127.68317921393385
143,100.680194305549,101.02131340282908,100.33907520826891,104.68767157858088,105.11719553137131,104.25814762579044,113.62462473135447,114.17028989965422,113.07895956305472,128.35129579347134,128.90845360122583,127.79413798571686
144,100.55639945770936,100.85568173180874,100.25711718360998,104.48735264386121,104.99865581980444,103.97604946791799,113.3429529609703,113.70134264612065,112.98456327581994,128.38023167916435,128.86977929683573,127.89068406149298
145,100.13220154976604,100.44585598793307,99.818547111599,104.23977573372625,104.56990851915128,103.90964294830121,113.60976402035674,114.05669958824232,113.16282845247115,128.09458252488054,128.55781954282702,127.63134550693405
146,100.59240672876281,100.84790391545164,100.33690954207398,104.3376633284857,104.69270007007536,103.98262658689605,113.69762069175977,114.18544280229224,113.20979858122729,128.49995799733796,129.0600088909209,127.93990710375503
147,100.75485691451411,101.1769297562145,100.33278407281371,104.28779030146045,104.76429093243101,103.81128967048988,113.25030997021304,113.62342950979328,112.8771904306328,128.40148798595771,128.9447462405033,127.85822973141215
148,100.79173282411367,101.03850713217663,100.5449585160507,104.12387627589058,104.64497979402356,103.6027727577576,113.61281052151915,114.0472292308522,113.1783918121861,128.63245394692362,129.06347233780903,128.2014355560382
149,100.75444233862603,100.98351517449106,100.52536950276101,103.69120348878434,104.08642764741195,103.29597933015673,113.55958823943763,113.96986843083893,113.14930804803633,128.3422767260791,128.6365198456166,128.0480336065416
150,101.28216008207714,101.52307803082795,101.04124213332634,104.35080737222901,104.74368087580346,103.95793386865456,113.13289799955828,113.55358082555776,112.7122151735588,128.0368180814334,128.60115365263903,127.47248251022778
151,100.94080168083937,101.21422572689937,100.66737763477937,104.12254755279939,104.40676375020647,103.83833135539231,113.6555027692244,113.95907211604637,113.35193342240242,128.26475475049492,128.70622985030255,127.82327965068728
152,100.64592100932326,100.98081758762112,100.3110244310254,104.67651663214428,105.0306398440598,104.32239342022876,113.33464997710344,113.81923877774469,112.85006117646219,128.02224344558758,128.49728118573236,127.54720570544278
153,101.04967555199948,101.3905629663865,100.70878813761247,104.47786520150103,104.8667360407224,104.08899436227966,113.20680630615263,113.67358886362834,112.74002374867692,128.20264434006356,128.69829377463012,127.70699490549701
154,100.66032900276558,101.0730305536912,100.24762745183996,104.26267530747577,104.54778496020903,103.97756565474252,113.0201395693396,113.54015481454805,112.50012432413116,128.2284642623446,128.63519947394508,127.82172905074412
155,101.17054810083276,101.56044074529002,100.7806554563755,104.62470627893588,104.95040122877194,104.29901132909981,113.5627081372536,114.06324325943376,113.06217301507343,127.65557947964558,128.17794589575203,127.13321306353912
156,100.7372120202892,101.19182465980974,100.28259938076867,104.08802862647087,104.50106135388613,103.67499589905562,113.20493927435629,113.84204721752012,112.56783133119247,127.47857497189015,127.90516039371961,127.0519895500607
157,100.99364572052589,101.17427449315898,100.8130169478928,104.275726029513,104.57571193674477,103.97574012228122,113.18395752193916,113.6219034595374,112.74601158434092,128.07782335722317,128.48683184915024,127.6688148652961
158,100.72109606353226,101.02070090354282,100.4214912235217,104.32760298279918,104.68757350440391,103.96763246119444,113.5648625566707,114.01087178157763,113.11885333176377,127.9822262181145,128.37169440260578,127.59275803362323
159,101.31097026148528,101.72496206635492,100.89697845661564,104.20819354535317,104.64402741266275,103.77235967804359,113.68359842163834,114.31029316207606,113.05690368120061,128.0682988571894,128.52550742732686,127.61109028705195
160,100.73230458227906,101.08270921247626,100.38189995208185,104.84369179437456,105.31953233741346,104.36785125133567,113.86763075985861,114.59589456408305,113.13936695563417,127.98422988886962,128.34957226864321,127.61888750909604
161,101.17913582863264,101.44949313352929,100.90877852373599,104.42253082193879,104.78808060411498,104.0569810397626,113.28065730170621,113.77656793325045,112.78474667016198,128.3414378406462,128.68114372871594,128.00173195257645
162,100.80020567127801,101.18523131268928,100.41518002986673,104.20618326946946,104.62966894449373,103.7826975944452,113.93176159434958,114.58343238359285,113.28009080510631,128.2640887720895,128.58010215169642,127.94807539248258
163,100.25626808390093,100.71241736844141,99.80011879936046,104.4112879489883,104.81820517102503,104.00437072695158,113.10983137141992,113.56476480053622,112.6548979423036,128.37449962372992,128.81915398750817,127.92984525995166
164,100.51342971482467,100.84849525632394,100.17836417332539,104.56051386075669,105.07828938351732,104.04273833799606,114.02086717217978,114.3445156771518,113.69721866720775,128.3505688137169,128.7397580259302,127.9613796015036
165,100.56316063327719,100.79476637303118,100.3315548935232,103.88310892196087,104.32574242351473,103.44047542040701,113.21980584029731,113.77832681853337,112.66128486206125,128.04420159479815,128.3437083940672,127.74469479552913
166,100.8379774709203,101.2785222060106,100.39743273582998,103.56803755597957,103.94055174136773,103.19552337059142,113.9412826239139,114.43059541421025,113.45196983361757,127.48842091009938,127.82680409202835,127.1500377281704
167,100.35790193778669,100.78292182657813,99.93288204899525,103.98108722483796,104.41849908240353,103.5436753672724,113.88395060562341,114.46255681078378,113.30534440046304,128.14072312390684,128.34443956339973,127.93700668441394
168,100.60027866266356,101.03254176689249,100.16801555843462,104.08766236839952,104.59532494756289,103.57999978923615,114.32354980111586,114.80160332651069,113.84549627572103,128.05971129436128,128.42468800584402,127.69473458287854
169,100.21386535300107,100.64713141756195,99.78059928844019,104.0643747513,104.4376174046167,103.69113209798329,113.61361122431313,113.99097464617914,113.23624780244712,127.61871556342558,128.00511890696617,127.232312219885
170,100.83577860887871,101.29573835101475,100.37581886674268,104.15933128037105,104.54112342826343,103.77753913247867,113.28995851265044,113.84282943175424,112.73708759354665,127.98120969619144,128.32008454392465,127.64233484845823
171,100.26505880696841,100.78703120594774,99.74308640798908,103.6100875842003,104.0054786664885,103.2146965019121,113.2265492001305,113.64618027265064,112.80691812761037,127.85591365402539,128.30550309568014,127.40632421237063
172,100.89298954676637,101.23362445887786,100.55235463465489,103.76049719624407,104.21881996855623,103.30217442393192,113.62197037711078,114.2504999345614,112.99344081966017,127.50616298686971,128.10718426083264,126.90514171290677
173,101.00806115401403,101.38524305017141,100.63087925785665,103.84845869742557,104.26447161634808,103.43244577850307,113.56002393030897,114.06884526962813,113.05120259098982,127.80975165848585,128.32920726008084,127.29029605689087
174,100.54473936684671,101.02354246187181,100.06593627182161,103.85171087242955,104.34584495781073,103.35757678704837,113.97355583403069,114.39538193160382,113.55172973645756,127.33110206075519,127.85083548983208,126.81136863167829
175,100.49998798136755,100.92938765529816,100.07058830743695,103.30674721578592,103.85019655053895,102.76329788103288,113.59322248655386,113.88298618554218,113.30345878756553,127.44769341011026,127.85521881538666,127.04016800483386
176,100.43850695712345,100.84789581678754,100.02911809745936,103.65862979112224,104.00643539587145,103.31082418637303,113.71076490175156,114.14532064571154,113.27620915779158,127.53826628237638,127.85858653896544,127.21794602578733
177,100.81357172999009,101.15505945779385,100.47208400218632,104.16956800719736,104.68573016106816,103.65340585332655,113.79697500315316,114.21308324200938,113.38086676429695,128.07938131574866,128.69310890025432,127.46565373124301
178,100.82484878395493,101.23711916003315,100.41257840787672,104.1359764075197,104.56473337175098,103.70721944328844,113.6313857427288,114.06796486867503,113.19480661678256,127.75734966880664,128.20621039870986,127.30848893890344
179,100.8409236703341,101.29114277814206,100.39070456252615,103.70792260423089,104.29287381089581,103.12297139756596,113.62291498581385,114.01747881495298,113.22835115667472,128.06455863031337,128.38925629875385,127.73986096187289
180,100.39130508788868,100.77608339226104,100.00652678351632,103.79496865536639,104.20318759694737,103.3867497137854,113.95480383961933,114.2493237954069,113.66028388383177,128.36654709961275,128.68829242112264,128.04480177810285
181,101.03088244506259,101.57169118162423,100.49007370850094,104.11035141955892,104.63151460032915,103.5891882387887,113.35772045126923,113.72349637305834,112.99194452948012,128.36685335300743,128.84615844768174,127.88754825833311
182,101.05055219151343,101.56610673826194,100.53499764476493,104.05750362657625,104.37823639065128,103.73677086250122,113.22946107299717,113.64722177512355,112.81170037087078,127.696922805237,128.0529839236002,127.34086168687378
183,101.48350996047482,101.97399879871237,100.99302112223727,104.57986457650354,104.84480394692619,104.31492520608089,113.51301757704887,114.06677969105937,112.95925546303837,128.04176777979484,128.40437893220064,127.67915662738903
184,100.80572795401892,101.19585906183751,100.41559684620033,103.5940392199446,104.02602491483471,103.1620535250545,113.10900478806005,113.46963705291436,112.74837252320573,128.29933041235842,128.73021042689774,127.86845039781907
185,101.10934801424688,101.63586150084285,100.5828345276509,104.19478290038637,104.43532906463649,103.95423673613625,113.59962260834384,114.07590902935648,113.12333618733119,128.36097382840353,128.82777526280037,127.8941723940067
186,101.08141790623031,101.68576976798452,100.4770660444761,103.6119393797629,103.99775054697787,103.22612821254793,113.35912420600073,113.66434701274557,113.05390139925589,128.28600919254535,128.72376505941475,127.84825332567596
187,100.91832160351815,101.41369326660704,100.42294994042926,103.73499406454751,104.07130980130685,103.39867832778816,113.34421013046838,113.94585841122043,112.74256184971634,128.89515938325457,129.48589206832546,128.30442669818368
188,100.86209715343291,101.19555532434295,100.52863898252288,104.13320778032656,104.59777558716901,103.6686399734841,113.33750608500645,113.74937798815691,112.925634181856,128.1849908195661,128.81191876822277,127.55806287090945
189,100.77302564527318,101.21705922340608,100.32899206714028,103.6548960441356,104.14947268029599,103.16031940797521,113.66343982601397,114.23384100207909,113.09303864994885,128.02868641606614,128.57356590194306,127.48380693018922
190,100.63869648255215,101.13507319746712,100.14231976763718,103.9661534461732,104.31985346261739,103.612453429729,113.38606858044906,113.78273769584187,112.98939946505625,127.81791984168055,128.22430171596974,127.41153796739137
191,100.90172278929572,101.34377645961843,100.45966911897301,104.89001030318248,105.35424453826536,104.4257760680996,113.13606207148757,113.5255873401811,112.74653680279404,128.5596680437085,128.8079867581121,128.31134932930493
192,101.03959987006314,101.46199950247329,100.617200237653,104.53921400781664,104.92211249059287,104.15631552504041,113.52641132442963,113.9002818429244,113.15254080593486,127.87981302819124,128.2985801963802,127.46104586000229
193,100.78900070407353,101.20155514460234,100.37644626354472,104.37785000909032,104.83524049458329,103.92045952359736,113.7068288368326,114.17477938594796,113.23887828771724,127.98040699718334,128.51286599696718,127.4479479973995
194,100.51278765460657,100.77119561414248,100.25437969507065,104.12515213227407,104.53266743578878,103.71763682875935,113.70137975858817,114.11608649566809,113.28667302150826,127.49236582273151,127.99137190446466,126.99335974099837
195,100.86868679291278,101.21257578276527,100.5247978030603,103.7154921087662,104.17526292761706,103.25572128991534,113.8155849417769,114.23732082364847,113.39384905990534,128.05174349366914,128.71179015770255,127.39169682963572
196,100.41540874230722,100.74805661976517,100.08276086484928,103.45352826139887,103.93737801466357,102.96967850813418,113.72249792311075,114.18521914099426,113.25977670522724,127.89982072222566,128.53114196134175,127.26849948310958
197,101.02946516923792,101.4170098402923,100.64192049818355,103.73591756394296,104.42897919274216,103.04285593514376,113.8640534650735,114.30127344748651,113.42683348266048,128.080170315979,128.82698911873248,127.3333515132255
198,101.10261667011169,101.38579195422435,100.81944138599903,103.45427744355399,103.7863205905086,103.12223429659939,113.53141609875586,113.91112580552591,113.1517063919858,128.4884135630747,128.98516872546944,127.99165840067995
199,100.57937392250457,100.88606558631359,100.27268225869555,103.62959721364594,104.22505767471908,103.03413675257279,113.91192952579198,114.220282876277,113.60357617530696,128.6588248000932,129.0170786343444,128.30057096584204
