iter,data_n_features_2.0_mean,data_n_features_2.0_upper,data_n_features_2.0_lower,data_n_features_10.0_mean,data_n_features_10.0_upper,data_n_features_10.0_lower,data_n_features_50.0_mean,data_n_features_50.0_upper,data_n_features_50.0_lower,data_n_features_100.0_mean,data_n_features_100.0_upper,data_n_features_100.0_lower
0,5.74135904343703,5.792583666956273,5.690134419917787,141.0910329633671,141.55819242645066,140.62387350028354,770.5068799037457,773.3828585146819,767.6309012928095,1783.3491674762288,1791.0230551468626,1775.675279805595
1,5.527853600678564,5.606891497263543,5.448815704093585,138.27994926361583,138.71231305126142,137.84758547597025,758.3365461092444,761.8077360348453,754.8653561836435,1758.157414811377,1766.3302766222598,1749.9845530004943
2,5.344991115018541,5.429174358378946,5.260807871658136,135.17555099928762,135.6012028784707,134.74989912010454,743.9919784403394,746.9753836863681,741.0085731943107,1739.166978136865,1749.754496980818,1728.5794592929121
3,5.183299626647202,5.275554270349803,5.0910449829446005,132.1128438271553,132.6216292951389,131.60405835917172,733.4330036763715,736.3354505964628,730.5305567562802,1714.081162575517,1723.4584944125647,1704.7038307384694
4,5.021631515868761,5.138167669258607,4.9050953624789155,130.0413339449786,130.4362649951406,129.6464028948166,723.5182505367509,726.7602164238046,720.2762846496971,1698.6386128812155,1706.7164159842828,1690.5608097781483
5,4.89530698988248,5.015238323668455,4.775375656096505,127.9588361096113,128.39233018964507,127.52534202957753,715.734780114034,718.6420666738634,712.8274935542047,1678.6671844419047,1686.489022844734,1670.8453460390754
6,4.79744309729868,4.939051219768294,4.655834974829065,126.06457764265465,126.5423298386895,125.58682544661981,707.6615586764691,710.134175658794,705.1889416941442,1658.0397222313775,1667.7181981007936,1648.3612463619613
7,4.682706627653301,4.832872826150135,4.532540429156468,124.43646033086657,124.93947127791728,123.93344938381586,697.4224860503889,700.1842858790131,694.6606862217646,1643.4413116208168,1651.9991210376315,1634.883502204002
8,4.625618619349612,4.776924279491209,4.474312959208015,123.55841187951435,124.03850924451531,123.0783145145134,691.1656689538319,693.4626555170158,688.8686823906479,1629.2452058851507,1637.038394347586,1621.4520174227152
9,4.543935158532736,4.709835991876816,4.378034325188655,122.02010218241841,122.36238566587424,121.67781869896258,683.3257566263504,685.8865849042988,680.764928348402,1611.0200996118424,1617.91752240069,1604.122676822995
10,4.463935392523336,4.626599819567477,4.301270965479195,120.55156247940172,120.94365214638283,120.15947281242062,676.1419741698778,679.5261731304394,672.7577752093163,1601.9814053184975,1610.894543826465,1593.06826681053
11,4.4556651001383045,4.628012067689964,4.283318132586645,119.28318041434889,119.60909775831692,118.95726307038086,671.2468994176236,674.6004184745094,667.8933803607378,1588.311841228497,1595.0434563261535,1581.5802261308406
12,4.434545318109345,4.610396707223393,4.258693928995297,118.25270400582153,118.74011988538196,117.7652881262611,663.6321198312952,666.6831529730275,660.5810866895629,1577.1354286854862,1584.812585599956,1569.4582717710164
13,4.402067133262271,4.583313790978558,4.220820475545985,117.28871218988624,117.66681428048493,116.91061009928755,657.1769175478601,660.4239798140343,653.9298552816858,1563.6943903361537,1571.9782113741487,1555.4105692981586
14,4.381183457978697,4.5699513681721,4.192415547785294,115.90848038191896,116.33717930070023,115.4797814631377,653.9381509847786,656.6976913186234,651.1786106509339,1549.5504232775036,1554.5806286615762,1544.520217893431
15,4.3304187796767195,4.519866962013813,4.140970597339626,115.78934989194879,116.21623343860803,115.36246634528955,646.5609639491531,648.5674698667548,644.5544580315515,1542.7172756595414,1550.6790616623564,1534.7554896567265
16,4.302058739343584,4.488732338305938,4.115385140381231,114.61787646824766,115.06334313347945,114.17240980301587,643.1979331324192,645.7078563789096,640.6880098859288,1530.8310555430949,1538.1463928610945,1523.5157182250953
17,4.264468980061289,4.447791069161478,4.0811468909611,113.65799890717517,114.09589760896411,113.22010020538623,639.0675487046129,641.4358980241337,636.6991993850921,1519.1891095455353,1527.4255784451918,1510.9526406458788
18,4.250992000969092,4.443132020728762,4.058851981209421,112.41625615752244,112.84594224095919,111.98657007408569,635.365879033951,637.7589514975772,632.9728065703249,1513.8394041365545,1520.5842295555763,1507.0945787175328
19,4.227067343359368,4.412561747768021,4.041572938950716,111.65615603104357,112.03628887515357,111.27602318693356,629.6781991234511,631.9798735465295,627.3765247003728,1500.8259772899287,1508.5819621498094,1493.069992430048
20,4.199116661459771,4.3874008209069775,4.010832502012564,111.26702844853685,111.77959549418271,110.75446140289098,623.9730175725899,626.6196222323539,621.326412912826,1493.8079329434954,1500.88451947331,1486.7313464136807
21,4.199866971062566,4.399789961511594,3.9999439806135366,111.01169999520735,111.39672724571788,110.62667274469682,622.8782559279583,625.1619401377463,620.5945717181703,1484.5266677411933,1493.073372667514,1475.9799628148726
22,4.18060970789414,4.381260401933953,3.979959013854327,110.19633689065765,110.61258920347952,109.78008457783578,618.6507801208111,620.9496849403412,616.351875301281,1477.3231213988063,1484.2178043105662,1470.4284384870464
23,4.156531152888565,4.355047192078333,3.958015113698797,109.79497815880794,110.18333727316198,109.40661904445389,616.23291625363,618.7386282435465,613.7272042637136,1466.8361779587663,1472.178949239085,1461.4934066784476
24,4.164478138423588,4.367930559969156,3.9610257168780203,109.26330347168769,109.62782888587168,108.8987780575037,609.452076223299,611.8141131366971,607.0900393099008,1459.593566383016,1466.9101557017032,1452.2769770643288
25,4.143581926771555,4.350384225922634,3.936779627620475,109.44761636828306,109.73245456164705,109.16277817491908,606.9694709972713,609.1789794744249,604.7599625201177,1451.9427099149946,1457.8893386494556,1445.9960811805336
26,4.130706397304241,4.329339733920137,3.9320730606883445,108.13518264995778,108.33867304849211,107.93169225142346,605.3452364823443,607.8322733921233,602.8581995725652,1447.8156725611211,1453.1176231193222,1442.51372200292
27,4.129243295922584,4.326433077295488,3.9320535145496796,107.86913622028335,108.22012880368452,107.51814363688219,604.0769130395009,605.8905309226906,602.2632951563113,1431.50025693636,1436.9902102946278,1426.0103035780924
28,4.11705357959119,4.317738950259723,3.916368208922657,107.72365555730582,108.02648188860832,107.42082922600332,599.4917793022004,602.0688768308402,596.9146817735606,1430.078923882405,1436.2812981151171,1423.8765496496928
29,4.088723036342871,4.291017459744455,3.8864286129412866,107.39055595459129,107.64920303014908,107.1319088790335,597.590984783371,599.8940642448841,595.2879053218579,1422.9510769582253,1428.6759258557831,1417.2262280606674
30,4.0890176547806485,4.290611817852182,3.8874234917091157,107.21215972117866,107.4023930375629,107.02192640479443,593.3547285759238,595.318902384939,591.3905547669086,1413.6778705974505,1419.3501252716035,1408.0056159232975
31,4.09737045973574,4.3089815446848885,3.8857593747865917,106.42983136712765,106.71454809887038,106.14511463538491,590.9487496417468,593.0844389056047,588.8130603778889,1408.9904066160225,1414.7522856067608,1403.2285276252842
32,4.0749225555145845,4.288441461341291,3.861403649687878,106.45098809610423,106.76783337435602,106.13414281785244,588.5042087138808,590.4976649186656,586.5107525090959,1401.8316460204335,1406.595430165549,1397.067861875318
33,4.079813451753312,4.285880566732897,3.873746336773727,106.0156672245445,106.34538555755321,105.68594889153579,584.5010044581171,586.7027912822068,582.2992176340274,1398.3571877306192,1403.501043666669,1393.2133317945695
34,4.099497782871165,4.315370739696848,3.883624826045481,105.91858812836895,106.2068568073341,105.6303194494038,583.4161583636262,585.14230955945,581.6900071678024,1391.7188816529565,1397.314106314466,1386.123656991447
35,4.068596315633563,4.271311061817659,3.8658815694494666,105.27791029773103,105.59020817950453,104.96561241595752,581.8411047686816,583.5842109082296,580.0979986291336,1383.3770787104995,1389.2844192812865,1377.4697381397125
36,4.062104004969887,4.267005589865376,3.857202420074398,105.57518745612413,105.82514240216256,105.3252325100857,577.0541504585652,578.5856532386937,575.5226476784368,1380.9089545993843,1385.1608931643989,1376.6570160343697
37,4.063640475112412,4.265645699241105,3.861635250983719,104.79137653466401,105.09826316847857,104.48448990084945,575.6918011620395,577.5883780489424,573.7952242751365,1376.448258183333,1379.9080730435187,1372.9884433231475
38,4.060230977964947,4.268595578862209,3.8518663770676844,104.95993929885954,105.25853021892087,104.66134837879821,574.5022722115147,576.3329632127289,572.6715812103004,1373.7657875115463,1379.1116117830852,1368.4199632400073
39,4.047691443936375,4.256327029669461,3.839055858203289,104.60258025198728,104.89981830195997,104.30534220201459,572.2727419757351,574.2750587853551,570.2704251661152,1361.970450572464,1366.7551666638944,1357.1857344810335
40,4.042824237610573,4.247405886289906,3.838242588931241,104.13174398117962,104.42420139173987,103.83928657061938,571.5152019597919,573.8296255383937,569.20077838119,1355.2624045227794,1360.4560488071943,1350.0687602383646
41,4.025407399983758,4.233775878910428,3.817038921057088,104.35350278112178,104.80627732128276,103.90072824096079,569.7075182305724,571.3688563506105,568.0461801105344,1357.648658488083,1363.0402138942816,1352.2571030818842
42,4.051795651479521,4.262615032323988,3.8409762706350543,103.97671988719489,104.26540834797895,103.68803142641083,564.5628768486224,566.700646513954,562.4251071832908,1351.5382496078114,1355.273979492506,1347.8025197231168
43,4.038939613187305,4.24385055080835,3.8340286755662603,103.61085914780158,104.11235329577397,103.10936499982918,563.4986265988731,565.3225894357225,561.6746637620237,1348.4121292055333,1351.3833944246699,1345.4408639863968
44,4.03591229803311,4.248238330119275,3.823586265946945,103.32039744466447,103.68660422649195,102.95419066283698,561.4984891350575,563.4698399043361,559.5271383657789,1336.0627275078216,1338.434934045787,1333.6905209698562
45,4.025777599132132,4.2334920125385125,3.8180631857257517,103.26067029191861,103.71796636352427,102.80337422031296,560.1704765808887,562.0112853466411,558.3296678151363,1339.2595899328305,1342.1991587463529,1336.3200211193082
46,4.019598008308805,4.227413334595093,3.8117826820225176,103.64554912990332,104.00356960409343,103.2875286557132,559.200353291204,560.6340674399656,557.7666391424424,1334.3232787405955,1338.0439823738247,1330.6025751073662
47,4.01327960606014,4.218783999833986,3.807775212286293,103.42770757862665,103.85598088966816,102.99943426758514,556.5563064067385,557.9969021177686,555.1157106957083,1327.521367791751,1330.4790585960945,1324.5636769874072
48,4.038848076390324,4.246288731584054,3.8314074211965945,102.87869259608195,103.3038081788428,102.4535770133211,555.2660517677753,557.121147694799,553.4109558407515,1321.5907379709993,1324.5657542159129,1318.6157217260857
49,4.055268893143718,4.266989274886071,3.843548511401365,102.75271127965178,103.10170157936102,102.40372097994253,553.6893090243447,555.0855357669933,552.293082281696,1320.508229010945,1323.5424639268826,1317.4739940950071
50,4.052134400640742,4.254926477084584,3.8493423241969,103.0458944768036,103.38617173356789,102.7056172200393,553.9899582192734,555.6656434297889,552.3142730087578,1314.2429055766536,1317.9361771421436,1310.5496340111636
51,4.062077334061313,4.2782858281766805,3.845868839945946,102.56922908590505,102.95726639884413,102.18119177296597,549.2755380730166,550.7284188013784,547.8226573446548,1312.1565110151155,1316.1455245662082,1308.1674974640227
52,4.0446257596773885,4.253964716114529,3.8352868032402476,102.47556245990688,102.79225399231545,102.15887092749831,547.7479307583809,549.5276523079563,545.9682092088055,1309.0118812488834,1311.9301854315559,1306.0935770662109
53,4.0293060900838515,4.235423698827459,3.8231884813402446,102.58736706967643,102.98482753532598,102.18990660402689,546.8805939255896,549.4480009280736,544.3131869231055,1301.2759584715366,1304.468538122309,1298.0833788207642
54,4.050548959742192,4.258459029342973,3.842638890141412,102.8964027445267,103.12922731293871,102.66357817611468,548.4614088881331,550.639456838233,546.2833609380332,1302.3114504981154,1305.7187751287086,1298.9041258675222
55,4.044376820398816,4.252491026992852,3.83626261380478,102.12753819318652,102.42713228545355,101.8279441009195,545.6078578663241,547.4313147381155,543.7844009945328,1304.3145618878848,1309.011886937814,1299.6172368379555
56,4.043551782748642,4.24536871692745,3.8417348485698337,102.36571491051089,102.6917548584147,102.03967496260708,544.2382971586251,546.1687804849339,542.3078138323162,1293.0796165305076,1297.1061925891015,1289.0530404719136
57,4.018256579356842,4.223450594874249,3.813062563839434,102.70867421100316,103.04491892148471,102.3724295005216,543.6298764642124,545.375396629592,541.8843562988328,1293.6554202005389,1298.1519987362874,1289.1588416647903
58,4.020488993115082,4.219313294370193,3.8216646918599713,101.9080027207924,102.20423510140857,101.61177034017622,539.9850818138617,541.7102977537363,538.2598658739871,1293.3060275394653,1297.282774105282,1289.3292809736486
59,4.037922305478853,4.242186209431026,3.8336584015266797,102.23801961903293,102.53254850071858,101.94349073734728,540.8681798987898,542.6227623660673,539.1135974315123,1288.3940127129629,1291.5473188994831,1285.2407065264426
60,4.029921447301052,4.239626412833145,3.8202164817689592,102.12218495447333,102.4233937292433,101.82097617970335,539.562208879764,541.7562117066356,537.3682060528923,1288.7893164360607,1292.4587059383964,1285.119926933725
61,4.047137308645422,4.251544479563197,3.8427301377276475,101.8123648258273,102.12637047622694,101.49835917542767,538.8295659477812,540.454363562659,537.2047683329035,1283.5122654331628,1287.5372070536603,1279.4873238126654
62,4.0201575624945525,4.225980189374965,3.8143349356141396,101.91853099193484,102.2104530458853,101.62660893798439,535.8448403089816,537.543127147357,534.1465534706061,1282.1006784331335,1286.4331171636647,1277.7682397026022
63,4.066277310800544,4.27751286036835,3.8550417612327377,101.9919416716244,102.37490568364444,101.60897765960436,536.3840491656566,538.1090542972316,534.6590440340816,1279.1903994929353,1282.5338769733971,1275.8469220124734
64,4.080953480751754,4.286247755400303,3.875659206103205,101.6328499271323,102.06226577880541,101.20343407545919,534.8609123358628,536.5117974792437,533.210027192482,1273.8510857482977,1277.2944294039316,1270.4077420926637
65,4.061893029935436,4.265721463709367,3.8580645961615048,101.71963219752516,102.02760504167053,101.41165935337979,533.3597745496754,535.3169489759865,531.4026001233643,1272.7185523276905,1277.0453511050862,1268.3917535502949
66,4.0530706143746595,4.264955760852671,3.841185467896648,101.70176767108195,101.98262107562692,101.42091426653698,533.9649478928534,535.4903116379651,532.4395841477417,1265.7430324947786,1270.1716950321184,1261.3143699574389
67,4.060494607268496,4.264416269390045,3.8565729451469477,102.0720219503561,102.39806608898989,101.74597781172231,533.0161660714044,534.5704307326539,531.461901410155,1269.191720533288,1272.963007662177,1265.4204334043989
68,4.066642178086829,4.279359908833396,3.853924447340262,101.75429527356738,102.38579844915097,101.12279209798379,530.7707872122188,532.1533255344924,529.3882488899452,1264.872512776315,1268.9689450677588,1260.7760804848713
69,4.0570777296620735,4.258743432256402,3.8554120270677448,101.07782511856225,101.52119317170663,100.63445706541786,530.3451825679574,532.0079877255192,528.6823774103956,1257.130670153992,1260.8961364543884,1253.3652038535956
70,4.037735513099539,4.230952782777076,3.844518243422002,101.5589308638899,101.91962668094946,101.19823504683033,528.5912701172629,530.1895101336653,526.9930301008604,1256.7212378880472,1260.8787670530535,1252.563708723041
71,4.039835625233449,4.245511357957827,3.834159892509071,101.65228870765365,102.06088159994891,101.2436958153584,528.2761894485024,529.9380401274566,526.6143387695481,1252.463051997882,1255.2235386459183,1249.7025653498458
72,4.042681881883081,4.240752921964054,3.8446108418021083,101.36541496673516,101.80926055770098,100.92156937576934,526.2109895985986,527.8648608509558,524.5571183462415,1251.5886877248438,1256.3517032176405,1246.825672232047
73,4.06511876243129,4.264230663876584,3.866006860985995,101.62101875859096,101.99222124759238,101.24981626958954,525.7166610929402,527.3232960597899,524.1100261260905,1246.9358848421823,1250.441500677327,1243.4302690070376
74,4.051173298455147,4.250942622835717,3.851403974074577,101.38227881248254,101.62268754604513,101.14187007891995,526.314512169511,528.0323702617178,524.5966540773042,1240.8905436989921,1245.1959037297183,1236.585183668266
75,4.041127717979977,4.237186563006415,3.845068872953539,101.69597910557394,102.11235297068121,101.27960524046667,525.5054474090258,527.1811510577363,523.8297437603153,1242.9136563566717,1247.3974877639146,1238.4298249494288
76,4.048745238937903,4.2599524847259715,3.837537993149834,101.3165166679032,101.68211412139219,100.95091921441421,523.238998793847,525.0607715026889,521.4172260850052,1237.398311632258,1240.61631612648,1234.180307138036
77,4.0287072175609175,4.230811902874151,3.826602532247685,101.463317171987,101.78000430114827,101.14663004282573,523.1812977339723,525.4281835709035,520.9344118970412,1240.380447523608,1244.3343473099821,1236.4265477372337
78,4.043659506344594,4.251782254338229,3.8355367583509583,101.51502169868839,101.97193030366732,101.05811309370945,521.0687417027093,523.4657030585423,518.6717803468763,1238.9895845760207,1243.7118220521238,1234.2673470999175
79,4.053932349323202,4.2481386022896634,3.85972609635674,101.16850762515189,101.51593172686104,100.82108352344274,521.0043046181427,522.9380210281265,519.0705882081588,1235.3493742331727,1239.6391939387972,1231.0595545275482
80,4.051977444967735,4.253556796763354,3.8503980931721156,101.64675262439292,102.16775770724517,101.12574754154066,520.03468157163,521.0715216012366,518.9978415420235,1230.1023244277362,1233.2393285536746,1226.9653203017979
81,4.037214634185902,4.24825492254744,3.8261743458243633,101.51737769678323,101.88475310901798,101.15000228454848,522.3945164279568,524.0317852758277,520.7572475800858,1233.2455460029887,1237.5422835751556,1228.9488084308218
82,4.046071644127175,4.246171759346902,3.845971528907448,101.70780188459256,102.23457677141357,101.18102699777154,519.1043119600956,520.5816221212124,517.6270017989789,1228.42529690153,1232.3365171975652,1224.5140766054947
83,4.026834746188463,4.226290823987608,3.8273786683893185,101.74080940249624,102.18589141453798,101.2957273904545,520.2837322420698,521.7907054387128,518.7767590454268,1222.931103006403,1226.3456428074287,1219.5165632053772
84,4.04363565020786,4.244040011314517,3.8432312891012024,100.95341421152509,101.36169246225988,100.54513596079029,518.4572191486591,520.1987442845929,516.7156940127253,1221.7452675791324,1225.1542866868465,1218.3362484714182
85,4.044344463585603,4.243513593570139,3.8451753336010674,101.17308867813168,101.47394057163268,100.87223678463067,517.706785004721,519.3753206493146,516.0382493601275,1223.5846838467141,1227.473494484346,1219.6958732090823
86,4.025250427497454,4.232017794475534,3.818483060519374,100.91895704448503,101.41898284699973,100.41893124197033,516.9808342349437,518.710099527726,515.2515689421614,1221.3130684011994,1226.055217385624,1216.5709194167748
87,4.032526220885681,4.242736964453854,3.8223154773175083,100.53651190179491,100.95600744653694,100.11701635705288,517.4161049372809,518.5991416905068,516.233068184055,1221.2588597636,1225.3209109045256,1217.1968086226743
88,4.041887601065305,4.242390716101055,3.8413844860295545,100.88010306397507,101.23379307982506,100.52641304812508,516.0111278349378,517.5247785444591,514.4974771254166,1219.2252319357663,1223.0082118182381,1215.4422520532944
89,4.018363521251691,4.224205224967297,3.812521817536084,100.84336763492941,101.1112833791376,100.57545189072121,515.1339734626159,516.5650631706355,513.7028837545963,1212.927464523545,1215.8161231734932,1210.0388058735969
90,4.032579521511496,4.236047830531001,3.829111212491991,100.98686102886661,101.3697542068747,100.60396785085852,514.6171261159991,515.9704166264937,513.2638356055045,1209.9691364052019,1213.694218567336,1206.2440542430677
91,4.032036922356123,4.234458923526249,3.829614921185996,101.76809531229918,102.09092968053922,101.44526094405914,515.4666528416603,516.8500824067635,514.0832232765572,1212.398566595539,1215.642068569297,1209.155064621781
92,4.025065515672514,4.22376132244268,3.826369708902348,101.30439083710823,101.64014276228866,100.9686389119278,514.4515921136865,515.4880532789836,513.4151309483894,1209.9987391351758,1213.5535833661795,1206.443894904172
93,4.012140860810513,4.214746178645358,3.8095355429756683,101.80219361332253,102.11479080286934,101.48959642377572,513.7781547758138,515.3099244252929,512.2463851263348,1208.1401313977537,1212.6618103344356,1203.618452461072
94,4.03288142093158,4.235194404977793,3.8305684368853665,101.02288574122306,101.28545535356626,100.76031612887986,512.2861166972797,514.1602599270252,510.41197346753415,1204.501054455408,1207.9854160892721,1201.0166928215438
95,4.038469904472594,4.246160722274431,3.830779086670756,100.53772807396018,100.95796389656716,100.1174922513532,511.52976150453134,513.2053418122068,509.85418119685585,1204.6531006881992,1208.6468491552628,1200.6593522211356
96,4.026230826461981,4.225455814387681,3.82700583853628,101.58422285786963,101.9391393977564,101.22930631798286,511.67121888437305,513.6559262004793,509.6865115682669,1203.0468411900445,1206.2292122977042,1199.8644700823847
97,4.026907419804031,4.229098325749881,3.8247165138581813,100.8726817248573,101.28601076449145,100.45935268522315,509.6754526562122,511.314281809553,508.0366235028714,1199.5424875462531,1203.0181475444822,1196.066827548024
98,4.0198424458864945,4.22161529099066,3.8180696007823296,101.09823409117278,101.54110553988552,100.65536264246005,510.7995249886404,512.5821642083647,509.0168857689162,1198.6686825895658,1201.8723457920464,1195.4650193870852
99,4.036802476749617,4.240854124192094,3.832750829307141,101.03652962075039,101.53663263539062,100.53642660611015,510.3735828103913,511.93769091118816,508.8094747095945,1196.5061379609194,1200.044808511193,1192.967467410646
100,4.03223654420562,4.242490413942002,3.821982674469239,100.71977064973292,101.17440371562945,100.26513758383639,509.3030746293704,511.07219675126277,507.5339525074781,1192.5424151121165,1197.076939988966,1188.007890235267
101,4.013880914892718,4.216142397525617,3.8116194322598194,100.78753977052769,101.24498636520356,100.33009317585181,507.1703212995061,509.0475499017797,505.2930926972325,1194.311820868625,1197.6692482041556,1190.9543935330946
102,4.033906050110772,4.237037748914136,3.830774351307409,101.61964254783715,102.15431998012423,101.08496511555006,508.3590554532091,509.81238969635945,506.9057212100588,1195.9584906533646,1199.116545102221,1192.8004362045083
103,4.0202905077064965,4.224387216755798,3.816193798657195,101.04958231813798,101.4594828470977,100.63968178917825,508.0667534655566,509.29817903633864,506.83532789477454,1192.7384812950104,1195.3228771529377,1190.154085437083
104,4.000983887260677,4.202543251878616,3.799424522642738,101.24753202709617,101.82375590011574,100.6713081540766,507.87455407178567,509.27923452543763,506.4698736181337,1194.423642806101,1196.8960314709432,1191.951254141259
105,4.0091770804750855,4.2132441188893415,3.8051100420608295,101.59414335002081,101.98683271155785,101.20145398848378,507.4549442974433,508.91133283793266,505.998555756954,1187.6003152916903,1190.2192931576499,1184.9813374257308
106,4.024809986118738,4.224699925356406,3.8249200468810702,101.1703800214689,101.59395435081403,100.74680569212377,506.979909835882,508.24526660387545,505.7145530678885,1191.2878532903292,1195.2480013607258,1187.3277052199326
107,4.003569234092945,4.211755239724783,3.795383228461106,100.81731014623942,101.14342634752775,100.49119394495109,506.5225874106369,508.1226593854606,504.9225154358132,1190.6971950098462,1193.8897570815454,1187.5046329381469
108,4.026383099739734,4.222128263483409,3.8306379359960587,100.34488470996025,100.78329971020261,99.9064697097179,507.37466113701885,508.6357355999487,506.113586674089,1184.826494682135,1187.8378793853738,1181.8151099788963
109,4.017944451034751,4.227438665669438,3.8084502364000636,101.17633562784202,101.63147412062308,100.72119713506096,505.30971720468017,506.7619101927305,503.8575242166298,1185.6126550418176,1188.1234361374259,1183.1018739462093
110,4.012805590357903,4.220329256749825,3.805281923965981,101.09025690770046,101.60215581589355,100.57835799950738,506.43815399506764,508.26817048853025,504.60813750160503,1186.0631547822334,1188.9936647044246,1183.132644860042
111,4.018278038722647,4.2172394109090785,3.8193166665362157,101.15555587642662,101.57423918329552,100.73687256955772,504.3893258396715,505.93778814172686,502.8408635376162,1180.5441603818656,1183.0626661223412,1178.02565464139
112,4.0162718739709655,4.225680939084621,3.8068628088573098,100.80243599359505,101.37535503667961,100.2295169505105,504.0978256849459,505.3553212336924,502.84033013619944,1182.8791723695845,1186.5215911234707,1179.2367536156983
113,3.996282383045107,4.197553263684615,3.7950115024056,101.14345406836333,101.64333145798919,100.64357667873746,504.9299965538139,506.596917528372,503.2630755792558,1180.3721373158755,1182.9300371352163,1177.8142374965348
114,4.005253902754293,4.210498843645136,3.80000896186345,100.9662507354225,101.47373173917435,100.45876973167066,503.64481337167916,505.05219241246925,502.2374343308891,1181.3215727429597,1184.4898369792502,1178.1533085066692
115,3.983611587297996,4.181548890888148,3.7856742837078428,101.30450961699202,101.69238148691947,100.91663774706457,504.08245705375657,505.2680059340564,502.8969081734567,1177.5389713948175,1180.000413880705,1175.07752890893
116,3.981436354420706,4.189448014756707,3.773424694084706,101.10356167064145,101.53581725197034,100.67130608931257,503.4927600402316,504.74126012168875,502.2442599587744,1178.0429423188993,1180.3645487525007,1175.721335885298
117,3.9933591767487213,4.202511708618266,3.7842066448791765,101.11913270061811,101.44732112274342,100.7909442784928,503.94015010122155,505.6913452820521,502.188954920391,1174.780092180373,1177.3153042654535,1172.2448800952925
118,4.004563478035724,4.208060384385261,3.8010665716861864,101.3343814501894,101.60867714068992,101.06008575968887,502.2075683215104,503.7251334728473,500.6900031701735,1176.5847608093384,1180.1927611936649,1172.976760425012
119,4.014880757276742,4.221866883938648,3.807894630614837,101.15585506119128,101.59448376373847,100.71722635864408,501.958924217161,503.47766216590674,500.44018626841523,1174.7151769037969,1177.4813184443672,1171.9490353632266
120,4.004876107381401,4.210831396566996,3.798920818195806,101.20433050604855,101.6147065869792,100.7939544251179,502.1469750024153,503.47217855574854,500.821771449082,1172.2404456697213,1174.508253748492,1169.9726375909506
121,4.016033529258119,4.217990194802326,3.8140768637139124,101.37439084444127,101.75704591234646,100.99173577653607,501.7499555711449,502.88452618753973,500.61538495475,1173.4205777576622,1175.5723917253763,1171.268763789948
122,4.0055505358219765,4.205120652670132,3.8059804189738204,101.3519240074244,101.75849238987504,100.94535562497376,498.8062928940834,500.1176096455757,497.4949761425911,1174.735901246455,1176.8672380551627,1172.604564437747
123,4.0098144143949535,4.224882138398289,3.7947466903916176,101.17037593898067,101.49635150978239,100.84440036817895,500.8489115868757,502.64019899690965,499.0576241768418,1168.8645057591136,1171.473817102848,1166.2551944153793
124,4.025082050297568,4.232476430055353,3.8176876705397835,100.88894353486128,101.3238705760438,100.45401649367876,501.07644782865935,502.60324712319255,499.54964853412616,1169.8374747674357,1172.7729893745582,1166.9019601603131
125,4.003593379749548,4.202069147380908,3.8051176121181878,101.31721597094267,101.79643128266996,100.83800065921538,500.4475594510479,502.5675634055219,498.32755549657384,1169.3166141472816,1171.5820190308748,1167.0512092636884
126,4.015451474127277,4.223534156610541,3.8073687916440124,100.76023021967436,101.17613851441014,100.34432192493857,499.4760674446401,500.8988207069283,498.05331418235187,1171.2512261188606,1172.748561970097,1169.7538902676242
127,4.017194838758168,4.233477135523003,3.800912541993332,100.46447890774138,100.92614088295939,100.00281693252337,499.2137855378325,500.81423379978406,497.61333727588095,1167.8266515448588,1170.7092931847585,1164.944009904959
128,3.997735636134241,4.198164792363522,3.79730647990496,101.27483303132064,101.75845691539374,100.79120914724754,498.98685282889227,501.00644102256325,496.9672646352213,1165.7883340483982,1169.3782561142186,1162.1984119825777
129,4.004741506711177,4.210742769188073,3.7987402442342817,101.35812380948678,101.81133615122717,100.9049114677464,499.08469166292133,500.6035932365029,497.56579008933977,1162.0115922307484,1164.4750953217037,1159.548089139793
130,4.00598679549768,4.214897876115078,3.7970757148802825,100.9052737464994,101.25595875467772,100.55458873832109,497.8581973830916,499.1722387485177,496.54415601766544,1160.833363437101,1162.5935907992477,1159.0731360749544
131,3.9772325824425905,4.190725166021242,3.7637399988639397,101.10141516768259,101.547667477843,100.65516285752217,496.86203690809754,498.3972673682359,495.3268064479592,1159.3468834175478,1162.7211201232105,1155.972646711885
132,3.9960743449043994,4.208504703537053,3.7836439862717457,101.47319521220611,101.99643886059194,100.94995156382028,497.8995430074783,499.08808206885675,496.7110039460999,1160.0522151699047,1163.6613741234166,1156.4430562163927
133,4.011748043442295,4.218043013906596,3.8054530729779943,101.52050489967243,101.95900377939246,101.0820060199524,497.28727601473946,498.92266717593293,495.651884853546,1157.5367522926226,1160.6202898568595,1154.4532147283858
134,4.006791168936273,4.2109463364265185,3.802636001446027,100.70380345509724,101.0221449942551,100.38546191593939,498.0410807974139,499.6984575052599,496.38370408956786,1161.2207167610654,1164.3047335490312,1158.1366999730997
135,4.004340816995883,4.213515308259181,3.7951663257325854,101.16995914395446,101.5630573463348,100.77686094157411,497.81165563611364,499.1578082577467,496.4655030144806,1160.335800420653,1164.0328636539816,1156.6387371873243
136,4.022919642791499,4.22902893169622,3.8168103538867784,101.46332976727544,101.87100415423791,101.05565538031297,497.17164484522254,498.85486593209936,495.48842375834573,1156.686249884652,1160.0664344474726,1153.3060653218313
137,4.028360095798456,4.228812058129583,3.82790813346733,101.33334633893523,101.74611337178655,100.92057930608391,494.987463228832,496.6707292225191,493.30419723514484,1153.9916216195684,1157.0827990593425,1150.9004441797942
138,4.004447748462615,4.199772113207974,3.8091233837172567,101.51320907381842,102.05169240429656,100.97472574334027,496.39972624057117,497.4567005795946,495.34275190154773,1154.643122094536,1157.027085184672,1152.2591590044
139,4.004055546949707,4.209470882038655,3.7986402118607594,101.03849530348579,101.42809947922763,100.64889112774395,495.2363008043797,496.932047830077,493.5405537786824,1150.938465279336,1154.650881003734,1147.226049554938
140,4.021426168830956,4.227724119498865,3.8151282181630477,101.19342276678333,101.50087179854604,100.88597373502061,495.82452252653957,497.23497350096625,494.4140715521129,1156.0734224147036,1159.7753223051477,1152.3715225242595
141,4.01446298286862,4.222118193384959,3.806807772352282,101.34732435717673,101.73493249068277,100.9597162236707,496.38210260068007,498.5407616962762,494.22344350508394,1153.4248952362093,1156.9607350804085,1149.88905539201
142,3.9847690774209896,4.18759654330927,3.7819416115327096,100.73261585195402,100.97410500100206,100.49112670290599,495.4878859898445,496.58749677634836,494.3882752033406,1151.4620523883987,1154.6230212526682,1148.3010835241291
143,4.016678696138123,4.221293856626252,3.8120635356499935,101.02004863864731,101.3324094170279,100.70768786026672,496.5147477786137,497.94231217211967,495.0871833851077,1153.128791317879,1155.7353728335613,1150.5222098021966
144,4.032241396919038,4.226778157204267,3.8377046366338092,101.25746615703034,101.60737046646406,100.90756184759661,496.3582555520581,497.8766740630759,494.8398370410403,1149.5860128532072,1153.2378606711025,1145.934165035312
145,4.0138623219986345,4.204757676380912,3.822966967616357,100.86965738283331,101.4064049910636,100.33290977460302,495.6495750033476,497.19067613517126,494.1084738715239,1147.1366577992655,1150.6822840216398,1143.5910315768913
146,4.018315868701453,4.217963977914804,3.8186677594881018,100.95640260360938,101.24892617673517,100.66387903048359,495.3673362845426,497.0330069480237,493.7016656210615,1146.9011292672728,1150.2306220662297,1143.571636468316
147,4.016209893280888,4.224777483111626,3.8076423034501508,100.96861027803047,101.32472729460193,100.61249326145901,496.490648949135,498.18117908421243,494.80011881405756,1148.823078372688,1150.662362229899,1146.9837945154773
148,4.022544886779082,4.23001072979185,3.815079043766314,100.88848491488554,101.24469964432438,100.53227018544669,496.14454654533455,497.4105418379788,494.8785512526903,1151.2654272188488,1153.9182543067568,1148.6126001309408
149,4.009367956025242,4.205675707377491,3.8130602046729933,100.93342752808762,101.28817789857045,100.57867715760479,494.22408238933986,495.707745401992,492.7404193766877,1145.9390517670552,1149.4269587724193,1142.451144761691
150,4.002570507285748,4.208960262235831,3.7961807523356654,101.39484408469353,101.61190478917581,101.17778338021125,494.6547983230363,496.168231036168,493.1413656099046,1146.191682327379,1150.3968194887973,1141.986545165961
151,4.020714087820392,4.228924889308209,3.812503286332574,101.92754055919515,102.49042498906108,101.36465612932922,494.6047590946996,496.17676557411085,493.03275261528836,1141.2869394075865,1144.6691166253527,1137.9047621898203
152,4.027266528698009,4.234304990060294,3.820228067335724,100.96898323813024,101.46604904308802,100.47191743317245,494.39314693339054,495.6507832447575,493.13551062202356,1143.6598051593874,1146.1948434662208,1141.1247668525539
153,4.021128156583755,4.222142379498688,3.820113933668821,101.26714537334632,101.67950019509152,100.85479055160113,493.53836836097537,495.05259312942525,492.0241435925255,1143.4223934079541,1148.4054091735004,1138.4393776424079
154,4.028537158966239,4.243611763464246,3.8134625544682326,101.23578014745974,101.54101767408986,100.93054262082961,494.39362171017785,496.2536959538195,492.5335474665362,1140.895164896596,1144.5267648418733,1137.2635649513188
155,4.026684477850546,4.232617174694443,3.820751781006649,101.14222515652071,101.61527135780916,100.66917895523225,494.2760017003758,495.557390128835,492.9946132719166,1139.3332143172468,1142.70589471026,1135.9605339242335
156,4.021224971634309,4.224382987374485,3.8180669558941336,100.65867937481771,101.08015934921866,100.23719940041676,493.9117957147156,495.28739459379835,492.53619683563284,1139.478059378203,1144.6250580443502,1134.3310607120557
157,4.0044024360748285,4.209009040873794,3.799795831275863,101.02168251136176,101.27382643694361,100.76953858577991,493.8187043775236,495.21449325120216,492.42291550384505,1138.9549092891616,1141.4826727534169,1136.4271458249063
158,4.011395756899534,4.212790123165689,3.81000139063338,101.12923353951672,101.4187489597875,100.83971811924594,493.9634383866729,494.8178319594725,493.1090448138733,1131.370104851731,1134.4608460365982,1128.2793636668637
159,4.010608949199671,4.2092842322271355,3.811933666172207,100.67601403115904,100.9191607940419,100.43286726827618,494.31543795578955,495.38956790845606,493.24130800312304,1133.2877645785834,1136.64617455,1129.9293546071667
160,4.012566856705094,4.218540660492833,3.8065930529173553,100.81224983790382,101.14348851925108,100.48101115655656,492.43810439020683,494.340568611611,490.5356401688027,1135.1333260184933,1139.109924804965,1131.1567272320217
161,4.015494958845333,4.21600912917349,3.8149807885171767,100.91826130268768,101.27766753673426,100.55885506864111,492.7341929202368,493.8949065782531,491.57347926222053,1133.643338528137,1137.2540549546625,1130.0326221016117
162,4.038800770986093,4.240993896222891,3.836607645749295,100.57395274940968,100.99672833824657,100.1511771605728,491.68722480893865,492.89967372091604,490.47477589696126,1134.1261815639798,1136.687349881313,1131.5650132466467
163,4.019388639758197,4.227065301910254,3.8117119776061403,100.82621861936775,101.1205923872671,100.5318448514684,492.454781362046,493.7851845212517,491.12437820284026,1134.5050230248228,1136.8753213057696,1132.134724743876
164,4.015376346695971,4.21408641770685,3.816666275685092,100.49344723826326,100.86066368412072,100.12623079240579,491.0256673630247,492.3806180839415,489.6707166421079,1134.2260136683094,1138.6061511491282,1129.8458761874906
165,4.0375746874615235,4.247093761402992,3.8280556135200556,100.79265989369001,101.19106131259126,100.39425847478877,491.19129901647136,492.66294456824016,489.71965346470256,1133.2533794272574,1135.6748775793383,1130.8318812751766
166,4.023787713619996,4.228814983414069,3.8187604438259237,101.17686355806276,101.50681704160053,100.846910074525,490.20242899166016,491.64115759065515,488.76370039266516,1134.975056274438,1137.83678975583,1132.1133227930459
167,4.048464198202821,4.254094342764384,3.8428340536412584,100.72219782914001,101.01139840698984,100.43299725129019,491.8208873756158,493.0656771170051,490.5760976342265,1131.3843046839518,1135.013498611725,1127.7551107561785
168,4.032377818876061,4.237243161322271,3.8275124764298503,100.48234808150877,100.7702652552767,100.19443090774085,492.2230605696062,493.60256141183487,490.84355972737757,1131.0898745100399,1133.789097924528,1128.3906510955517
169,4.036511449654773,4.244225679563936,3.8287972197456095,100.89082873682091,101.21825687149965,100.56340060214217,489.83071589288545,490.723548022989,488.9378837627819,1128.4109548845295,1132.4171000290125,1124.4048097400464
170,4.0273811971804045,4.231379740998418,3.823382653362392,100.30207186661713,100.67336047246121,99.93078326077304,490.90009174360347,492.46229256493723,489.3378909222697,1127.9847449806734,1131.4740681597054,1124.4954218016414
171,4.042864312234965,4.255581874793033,3.830146749676897,100.90863177449322,101.39493605179118,100.42232749719525,490.07527510402826,491.368902428474,488.78164777958256,1126.9388079810183,1129.605764865377,1124.2718510966595
172,4.0242731337557816,4.221960129125002,3.8265861383865607,100.23711942473055,100.67849793143115,99.79574091802995,491.90521638152075,493.31552710631314,490.49490565672835,1126.860674448114,1129.5808992884026,1124.1404496078253
173,4.019663611440998,4.220508528075503,3.818818694806493,100.6645541886497,101.09245703013309,100.23665134716632,490.1138885228896,491.38627739769964,488.8414996480796,1124.5585018534616,1128.7098699540052,1120.407133752918
174,4.031998942604521,4.236438448408841,3.8275594368002017,100.72515678151754,101.09537331634739,100.35494024668769,491.39067354297003,493.20048064306013,489.58086644287994,1128.0580417698068,1132.0918075927602,1124.0242759468533
175,4.037554966983129,4.243939816153443,3.8311701178128152,100.7169197200815,101.19999511236402,100.23384432779899,490.09381232939506,490.9825298559534,489.20509480283675,1126.143820682745,1129.6766982775541,1122.6109430879358
176,4.0254395152148055,4.2325973976854065,3.8182816327442044,100.46219880488118,100.81311768256846,100.1112799271939,489.79564283349373,490.6852006017409,488.90608506524654,1125.4625200051598,1128.9501198955973,1121.9749201147224
177,4.046159110538976,4.251336858207012,3.8409813628709393,100.83821532028122,101.21144884527664,100.46498179528581,489.3507847650843,490.48715587570496,488.21441365446367,1124.2171065001846,1126.7967031846495,1121.6375098157198
178,3.99779678867099,4.194371074228375,3.801222503113605,100.66251722368062,101.11358079021878,100.21145365714247,489.44733670877656,490.9771633523989,487.9175100651542,1125.814525035437,1129.177740743368,1122.4513093275061
179,4.051423357485983,4.261020204537561,3.8418265104344043,100.88180629788968,101.21771956708562,100.54589302869374,487.79529093880427,489.2010217570835,486.38956012052506,1120.4896555073562,1124.2326335125347,1116.7466775021778
180,4.008834527683506,4.20605976660975,3.8116092887572623,100.14187242259912,100.52061755556848,99.76312728962976,490.9462454296061,492.43162858392554,489.4608622752867,1124.351852807155,1126.757410645377,1121.946294968933
181,4.013892779349211,4.216748410496201,3.8110371482022214,100.67364966977435,101.03093428876318,100.31636505078552,490.51583117182764,491.74463237412175,489.28702996953353,1122.595964248607,1125.8507992921152,1119.341129205099
182,4.0441199840018385,4.252908414991727,3.8353315530119496,100.88651026022596,101.15854488760125,100.61447563285067,489.36011145464664,490.11597581305836,488.60424709623493,1123.099527527846,1126.2305811528406,1119.9684739028514
183,4.056670018635811,4.267901807502674,3.845438229768947,101.00388634675947,101.40928921642508,100.59848347709386,488.919038298585,490.15463560788794,487.6834409892821,1121.2275943221016,1125.0994117019277,1117.3557769422755
184,4.0213137014480855,4.222043268046787,3.8205841348493843,100.54241886484814,101.02505157788192,100.05978615181436,487.9186193922998,489.7059993934291,486.1312393911704,1118.5159764942287,1122.3995109695834,1114.632442018874
185,4.029914510528228,4.240366392377556,3.8194626286789006,100.97409239875032,101.4526399608983,100.49554483660233,489.660252754053,491.1007217283536,488.21978377975233,1120.8057440434288,1123.4212638190902,1118.1902242677675
186,4.034361071570622,4.24851309123655,3.820209051904694,100.51729039141249,100.92342075487753,100.11116002794745,490.25722378306443,491.8275225993634,488.68692496676545,1119.3009063992433,1122.6687469334222,1115.9330658650645
187,4.01765976433365,4.22092648746931,3.8143930411979903,100.69006737172563,101.15444782318558,100.22568692026569,487.58562272178153,488.65312925400355,486.5181161895595,1122.712561357487,1126.6372073108928,1118.787915404081
188,4.021801778435444,4.2299153229884725,3.813688233882416,101.05432838720635,101.32906512149692,100.77959165291578,489.2209927053347,490.48006954442195,487.96191586624747,1122.9018984188117,1126.4971116802135,1119.30668515741
189,4.009035551781761,4.205918097443649,3.8121530061198725,101.10395766711761,101.53284375658691,100.67507157764831,487.31120249078566,488.6222386426004,486.0001663389709,1116.8240743749773,1120.4677206616523,1113.1804280883023
190,4.036600862577852,4.243737985891936,3.829463739263767,101.36794206572687,101.72177733503098,101.01410679642275,490.66111693652067,491.82442075299883,489.4978131200425,1124.1692801522877,1126.2951546780466,1122.0434056265287
191,4.053069629988538,4.246149104567499,3.859990155409576,100.99681463294492,101.39587742797828,100.59775183791156,490.0107689338139,491.5877784675438,488.433759400084,1120.0392495944975,1124.9476509940398,1115.1308481949552
192,4.027995487833293,4.233925735217618,3.8220652404489677,100.38825178585131,100.71689396499815,100.05960960670447,489.2349118740532,490.75994176829835,487.709881979808,1118.76844272688,1121.6997967104446,1115.8370887433155
193,4.04598777358229,4.242592529641184,3.849383017523395,100.97694694194986,101.45927704646179,100.49461683743793,489.11742435634886,490.35008443062196,487.88476428207576,1118.9031725980774,1123.0160062796288,1114.790338916526
194,4.020148398020977,4.219535513162682,3.820761282879272,100.62756528661752,101.1047833873846,100.15034718585045,487.0588443927024,488.29428794490735,485.8234008404974,1113.2769742529804,1116.2472149176717,1110.306733588289
195,4.044347090601178,4.240905661991702,3.847788519210654,100.70268075992244,100.95911112066236,100.44625039918253,487.8403008160268,488.97482965450854,486.70577197754506,1114.334677310661,1117.71283640492,1110.956518216402
196,4.057319961764418,4.263545789890167,3.851094133638669,100.2139630649534,100.65394973708699,99.77397639281982,488.2120116357728,489.5092380058661,486.9147852656795,1116.2749030687314,1120.201374058681,1112.3484320787818
197,4.038772232752651,4.235612217749762,3.84193224775554,100.55719798884685,100.92851867664521,100.18587730104849,487.52784178447956,488.86480135528006,486.19088221367906,1111.5147037547613,1115.062148329546,1107.9672591799765
198,4.053985025534657,4.249927113081508,3.858042937987806,100.31444065294156,100.64860530913698,99.98027599674613,488.2451155677885,489.3924654076082,487.0977657279688,1114.8541981184665,1118.5458852720212,1111.1625109649117
199,4.056405743115204,4.259215686161554,3.8535958000688533,100.94984923095373,101.28640328523666,100.6132951766708,487.7554655469031,488.69094199974796,486.81998909405826,1113.5458629020818,1117.6291867924047,1109.462539011759
