iter,loss_mean,MSE_params,MSE_test,data_n_clusters,data_n_clients,data_n_samples,data_n_samples_test,data_n_features,data_noise_scale,data_noise_weight,data_no_scale,model_n_features,model_bias,algo_lrate,algo_lrate_decay,algo_S,algo_R,algo_R_local
0,328.39550674438476,8.246310234069824,820.8095092773438,3,150,10,500,100,0,0,False,100,False,0.01,,5,300,2
1,125.80628527323405,7.828149795532227,778.6481323242188,3,150,10,500,100,0,0,False,100,False,0.01,,5,300,2
2,54.07905267079671,7.551550388336182,752.487060546875,3,150,10,500,100,0,0,False,100,False,0.01,,5,300,2
3,26.228402007420858,7.329302787780762,731.0202026367188,3,150,10,500,100,0,0,False,100,False,0.01,,5,300,2
4,16.176205859184265,7.129616737365723,711.1137084960938,3,150,10,500,100,0,0,False,100,False,0.01,,5,300,2
5,11.677748676935831,7.016792297363281,699.7172241210938,3,150,10,500,100,0,0,False,100,False,0.01,,5,300,2
6,9.428137803872426,6.861631870269775,683.8228149414062,3,150,10,500,100,0,0,False,100,False,0.01,,5,300,2
7,7.903795199394226,6.721614360809326,669.614990234375,3,150,10,500,100,0,0,False,100,False,0.01,,5,300,2
8,7.673384707768758,6.616348743438721,659.5384521484375,3,150,10,500,100,0,0,False,100,False,0.01,,5,300,2
9,7.404485967954,6.488585948944092,646.9110717773438,3,150,10,500,100,0,0,False,100,False,0.01,,5,300,2
10,6.847823884487152,6.419950485229492,641.0983276367188,3,150,10,500,100,0,0,False,100,False,0.01,,5,300,2
11,6.529854060808818,6.32364559173584,630.7500610351562,3,150,10,500,100,0,0,False,100,False,0.01,,5,300,2
12,6.897895273764928,6.228565216064453,621.90869140625,3,150,10,500,100,0,0,False,100,False,0.01,,5,300,2
13,6.976731997330983,6.099977970123291,610.1425170898438,3,150,10,500,100,0,0,False,100,False,0.01,,5,300,2
14,6.46076736609141,6.0054121017456055,600.2352905273438,3,150,10,500,100,0,0,False,100,False,0.01,,5,300,2
15,6.354469768206278,5.910277843475342,589.9979858398438,3,150,10,500,100,0,0,False,100,False,0.01,,5,300,2
16,6.4723420596122745,5.835193634033203,582.7996826171875,3,150,10,500,100,0,0,False,100,False,0.01,,5,300,2
17,6.393240795135498,5.767512321472168,577.6672973632812,3,150,10,500,100,0,0,False,100,False,0.01,,5,300,2
18,5.958666968743007,5.713475704193115,573.2781982421875,3,150,10,500,100,0,0,False,100,False,0.01,,5,300,2
19,5.939808472792308,5.644886016845703,567.5850830078125,3,150,10,500,100,0,0,False,100,False,0.01,,5,300,2
20,5.7307107591629025,5.572604656219482,559.8582153320312,3,150,10,500,100,0,0,False,100,False,0.01,,5,300,2
21,5.7441505602995555,5.500951290130615,551.586669921875,3,150,10,500,100,0,0,False,100,False,0.01,,5,300,2
22,6.008503673473994,5.439752578735352,545.3961181640625,3,150,10,500,100,0,0,False,100,False,0.01,,5,300,2
23,5.367491866747538,5.407997131347656,542.064453125,3,150,10,500,100,0,0,False,100,False,0.01,,5,300,2
24,5.657410051822662,5.314943313598633,533.2332153320312,3,150,10,500,100,0,0,False,100,False,0.01,,5,300,2
25,5.246874523560206,5.258014678955078,527.8933715820312,3,150,10,500,100,0,0,False,100,False,0.01,,5,300,2
26,5.602077807982763,5.1935930252075195,521.4280395507812,3,150,10,500,100,0,0,False,100,False,0.01,,5,300,2
27,5.4575984545548755,5.118868350982666,514.4052124023438,3,150,10,500,100,0,0,False,100,False,0.01,,5,300,2
28,5.266240400473277,5.072758674621582,509.5946960449219,3,150,10,500,100,0,0,False,100,False,0.01,,5,300,2
29,5.328456555604935,4.985963821411133,501.0116271972656,3,150,10,500,100,0,0,False,100,False,0.01,,5,300,2
30,5.316056107282638,4.909298419952393,493.590576171875,3,150,10,500,100,0,0,False,100,False,0.01,,5,300,2
31,5.043129334449768,4.850786209106445,487.6795959472656,3,150,10,500,100,0,0,False,100,False,0.01,,5,300,2
32,5.076431543429693,4.792607307434082,482.39984130859375,3,150,10,500,100,0,0,False,100,False,0.01,,5,300,2
33,5.361943077643712,4.7424726486206055,476.8583068847656,3,150,10,500,100,0,0,False,100,False,0.01,,5,300,2
34,4.928862873514493,4.671164035797119,469.6834411621094,3,150,10,500,100,0,0,False,100,False,0.01,,5,300,2
35,4.71671377658844,4.610172271728516,463.5716857910156,3,150,10,500,100,0,0,False,100,False,0.01,,5,300,2
36,4.848743311961492,4.547023296356201,457.1893310546875,3,150,10,500,100,0,0,False,100,False,0.01,,5,300,2
37,5.363910239140193,4.4989399909973145,452.2723083496094,3,150,10,500,100,0,0,False,100,False,0.01,,5,300,2
38,5.1108125325044,4.447200298309326,447.5269775390625,3,150,10,500,100,0,0,False,100,False,0.01,,5,300,2
39,5.082381261785825,4.398256301879883,442.4259948730469,3,150,10,500,100,0,0,False,100,False,0.01,,5,300,2
40,4.89395158569018,4.376057147979736,440.46978759765625,3,150,10,500,100,0,0,False,100,False,0.01,,5,300,2
41,5.113549927075704,4.3496785163879395,437.75494384765625,3,150,10,500,100,0,0,False,100,False,0.01,,5,300,2
42,4.443812320232391,4.290514945983887,431.4930419921875,3,150,10,500,100,0,0,False,100,False,0.01,,5,300,2
43,4.442520022590955,4.233685493469238,425.4987487792969,3,150,10,500,100,0,0,False,100,False,0.01,,5,300,2
44,4.676781559387843,4.176018714904785,419.7621765136719,3,150,10,500,100,0,0,False,100,False,0.01,,5,300,2
45,5.008283372322718,4.138706684112549,416.46783447265625,3,150,10,500,100,0,0,False,100,False,0.01,,5,300,2
46,4.813724178870519,4.093719959259033,411.7497863769531,3,150,10,500,100,0,0,False,100,False,0.01,,5,300,2
47,5.010460114280383,4.068389892578125,408.6961975097656,3,150,10,500,100,0,0,False,100,False,0.01,,5,300,2
48,4.736900444626809,4.026282787322998,403.8937072753906,3,150,10,500,100,0,0,False,100,False,0.01,,5,300,2
49,4.816788517236709,3.98681902885437,400.2929382324219,3,150,10,500,100,0,0,False,100,False,0.01,,5,300,2
50,4.2444956171512604,3.9080307483673096,392.8344421386719,3,150,10,500,100,0,0,False,100,False,0.01,,5,300,2
51,3.9151687848567964,3.8734965324401855,389.061767578125,3,150,10,500,100,0,0,False,100,False,0.01,,5,300,2
52,4.423770742615064,3.815293073654175,383.4004211425781,3,150,10,500,100,0,0,False,100,False,0.01,,5,300,2
53,4.778739457726479,3.7453906536102295,376.31695556640625,3,150,10,500,100,0,0,False,100,False,0.01,,5,300,2
54,4.485536458492279,3.7051196098327637,372.2236328125,3,150,10,500,100,0,0,False,100,False,0.01,,5,300,2
55,4.310140731334687,3.6896791458129883,370.5271911621094,3,150,10,500,100,0,0,False,100,False,0.01,,5,300,2
56,4.429451707998911,3.661953926086426,367.721435546875,3,150,10,500,100,0,0,False,100,False,0.01,,5,300,2
57,4.216104800899823,3.6066126823425293,361.94622802734375,3,150,10,500,100,0,0,False,100,False,0.01,,5,300,2
58,4.099215145309766,3.566539764404297,358.28692626953125,3,150,10,500,100,0,0,False,100,False,0.01,,5,300,2
59,4.030499486525853,3.510263681411743,352.2703552246094,3,150,10,500,100,0,0,False,100,False,0.01,,5,300,2
60,3.78640496134758,3.468247652053833,348.1295166015625,3,150,10,500,100,0,0,False,100,False,0.01,,5,300,2
61,3.67563316822052,3.4286789894104004,343.77752685546875,3,150,10,500,100,0,0,False,100,False,0.01,,5,300,2
62,4.027012252211571,3.4073078632354736,341.62567138671875,3,150,10,500,100,0,0,False,100,False,0.01,,5,300,2
63,4.03024622797966,3.355038642883301,336.4716491699219,3,150,10,500,100,0,0,False,100,False,0.01,,5,300,2
64,3.8120981697241465,3.318279266357422,332.9768981933594,3,150,10,500,100,0,0,False,100,False,0.01,,5,300,2
65,3.6160834316412607,3.274770975112915,328.6293640136719,3,150,10,500,100,0,0,False,100,False,0.01,,5,300,2
66,3.9033007059494653,3.248560667037964,326.1012878417969,3,150,10,500,100,0,0,False,100,False,0.01,,5,300,2
67,3.6227396643161773,3.201955556869507,321.1097717285156,3,150,10,500,100,0,0,False,100,False,0.01,,5,300,2
68,4.057316190401713,3.1608493328094482,317.16998291015625,3,150,10,500,100,0,0,False,100,False,0.01,,5,300,2
69,4.368144707580408,3.1280601024627686,313.7272644042969,3,150,10,500,100,0,0,False,100,False,0.01,,5,300,2
70,4.123517694373925,3.0846285820007324,309.833740234375,3,150,10,500,100,0,0,False,100,False,0.01,,5,300,2
71,3.90114896217982,3.0729422569274902,308.4333801269531,3,150,10,500,100,0,0,False,100,False,0.01,,5,300,2
72,3.8105755280454954,3.045036792755127,306.0772705078125,3,150,10,500,100,0,0,False,100,False,0.01,,5,300,2
73,3.7260798289378485,3.020989179611206,303.805908203125,3,150,10,500,100,0,0,False,100,False,0.01,,5,300,2
74,3.493373602430026,2.9894728660583496,300.3955078125,3,150,10,500,100,0,0,False,100,False,0.01,,5,300,2
75,3.401162161628405,2.9274215698242188,293.9878845214844,3,150,10,500,100,0,0,False,100,False,0.01,,5,300,2
76,3.8199009465177856,2.8871946334838867,290.1907043457031,3,150,10,500,100,0,0,False,100,False,0.01,,5,300,2
77,3.955631076693535,2.8465235233306885,285.90155029296875,3,150,10,500,100,0,0,False,100,False,0.01,,5,300,2
78,3.9823763847351072,2.830040454864502,284.3167419433594,3,150,10,500,100,0,0,False,100,False,0.01,,5,300,2
79,3.5835758275787035,2.806262493133545,281.85845947265625,3,150,10,500,100,0,0,False,100,False,0.01,,5,300,2
80,3.587776268174251,2.783299207687378,279.60003662109375,3,150,10,500,100,0,0,False,100,False,0.01,,5,300,2
81,4.0723527516921365,2.753894329071045,276.8550720214844,3,150,10,500,100,0,0,False,100,False,0.01,,5,300,2
82,3.732197248538335,2.7433531284332275,275.93084716796875,3,150,10,500,100,0,0,False,100,False,0.01,,5,300,2
83,3.631334145863851,2.704864501953125,272.3644714355469,3,150,10,500,100,0,0,False,100,False,0.01,,5,300,2
84,3.6311190154155097,2.6810805797576904,270.52264404296875,3,150,10,500,100,0,0,False,100,False,0.01,,5,300,2
85,3.4125675678253176,2.669923782348633,268.93121337890625,3,150,10,500,100,0,0,False,100,False,0.01,,5,300,2
86,3.6843441770474117,2.6560211181640625,267.42645263671875,3,150,10,500,100,0,0,False,100,False,0.01,,5,300,2
87,3.596157921552658,2.616766929626465,263.1126403808594,3,150,10,500,100,0,0,False,100,False,0.01,,5,300,2
88,3.5945800187190375,2.5966904163360596,261.14385986328125,3,150,10,500,100,0,0,False,100,False,0.01,,5,300,2
89,3.638247421383858,2.554694890975952,256.9536437988281,3,150,10,500,100,0,0,False,100,False,0.01,,5,300,2
90,3.5347684268156687,2.522942066192627,254.01068115234375,3,150,10,500,100,0,0,False,100,False,0.01,,5,300,2
91,3.7318172441919644,2.4963042736053467,251.65553283691406,3,150,10,500,100,0,0,False,100,False,0.01,,5,300,2
92,3.1736582378546396,2.4627084732055664,248.1503143310547,3,150,10,500,100,0,0,False,100,False,0.01,,5,300,2
93,3.337969073454539,2.4528887271881104,246.97625732421875,3,150,10,500,100,0,0,False,100,False,0.01,,5,300,2
94,3.729357678592205,2.426009178161621,243.89083862304688,3,150,10,500,100,0,0,False,100,False,0.01,,5,300,2
95,3.5387424429257712,2.3990800380706787,240.6822509765625,3,150,10,500,100,0,0,False,100,False,0.01,,5,300,2
96,3.447237974405289,2.375199317932129,238.2209930419922,3,150,10,500,100,0,0,False,100,False,0.01,,5,300,2
97,3.305208712220192,2.3503777980804443,236.18417358398438,3,150,10,500,100,0,0,False,100,False,0.01,,5,300,2
98,3.2358661377429963,2.336520195007324,234.57899475097656,3,150,10,500,100,0,0,False,100,False,0.01,,5,300,2
99,3.439812406897545,2.3214941024780273,233.2113800048828,3,150,10,500,100,0,0,False,100,False,0.01,,5,300,2
100,3.2827415696779885,2.311490535736084,232.27752685546875,3,150,10,500,100,0,0,False,100,False,0.01,,5,300,2
101,3.5717699695626894,2.301664113998413,231.42860412597656,3,150,10,500,100,0,0,False,100,False,0.01,,5,300,2
102,3.0842818140983583,2.275908946990967,228.74607849121094,3,150,10,500,100,0,0,False,100,False,0.01,,5,300,2
103,3.1750432588656743,2.2508833408355713,226.05633544921875,3,150,10,500,100,0,0,False,100,False,0.01,,5,300,2
104,3.3873438669244447,2.247997999191284,225.6787567138672,3,150,10,500,100,0,0,False,100,False,0.01,,5,300,2
105,3.5209354987740515,2.235299825668335,224.63446044921875,3,150,10,500,100,0,0,False,100,False,0.01,,5,300,2
106,3.1039734291036924,2.189511775970459,220.299560546875,3,150,10,500,100,0,0,False,100,False,0.01,,5,300,2
107,3.2684423562884333,2.1626641750335693,218.08877563476562,3,150,10,500,100,0,0,False,100,False,0.01,,5,300,2
108,3.4550968109071256,2.1408796310424805,216.23019409179688,3,150,10,500,100,0,0,False,100,False,0.01,,5,300,2
109,3.221177498151859,2.121797800064087,214.34201049804688,3,150,10,500,100,0,0,False,100,False,0.01,,5,300,2
110,3.290631080965201,2.1142663955688477,213.16207885742188,3,150,10,500,100,0,0,False,100,False,0.01,,5,300,2
111,3.689716368218263,2.0949079990386963,210.89202880859375,3,150,10,500,100,0,0,False,100,False,0.01,,5,300,2
112,3.3871724453568457,2.073484420776367,208.69960021972656,3,150,10,500,100,0,0,False,100,False,0.01,,5,300,2
113,2.7931556853652,2.0587713718414307,207.2386016845703,3,150,10,500,100,0,0,False,100,False,0.01,,5,300,2
114,3.208808397402366,2.0372257232666016,204.98963928222656,3,150,10,500,100,0,0,False,100,False,0.01,,5,300,2
115,3.3526046232879163,2.032869577407837,204.15643310546875,3,150,10,500,100,0,0,False,100,False,0.01,,5,300,2
116,3.228930786947409,2.0185537338256836,202.79275512695312,3,150,10,500,100,0,0,False,100,False,0.01,,5,300,2
117,3.2831061658263208,2.005380868911743,201.62020874023438,3,150,10,500,100,0,0,False,100,False,0.01,,5,300,2
118,2.7603403742114705,1.9992668628692627,200.8399200439453,3,150,10,500,100,0,0,False,100,False,0.01,,5,300,2
119,2.937418007651965,1.9869639873504639,199.7953643798828,3,150,10,500,100,0,0,False,100,False,0.01,,5,300,2
120,2.9414499868949253,1.9673950672149658,197.85382080078125,3,150,10,500,100,0,0,False,100,False,0.01,,5,300,2
121,3.112068475882212,1.9637047052383423,197.84170532226562,3,150,10,500,100,0,0,False,100,False,0.01,,5,300,2
122,2.8929801096518832,1.943566918373108,195.94200134277344,3,150,10,500,100,0,0,False,100,False,0.01,,5,300,2
123,3.476469745437304,1.932549238204956,194.81666564941406,3,150,10,500,100,0,0,False,100,False,0.01,,5,300,2
124,3.1531693172454833,1.9085264205932617,192.42393493652344,3,150,10,500,100,0,0,False,100,False,0.01,,5,300,2
125,2.948022502064705,1.8904037475585938,190.39820861816406,3,150,10,500,100,0,0,False,100,False,0.01,,5,300,2
126,2.8173185234268505,1.8686281442642212,188.37245178222656,3,150,10,500,100,0,0,False,100,False,0.01,,5,300,2
127,2.845558571219444,1.864495038986206,187.99559020996094,3,150,10,500,100,0,0,False,100,False,0.01,,5,300,2
128,3.075981984063983,1.8618699312210083,187.44552612304688,3,150,10,500,100,0,0,False,100,False,0.01,,5,300,2
129,3.3718609303236007,1.845405101776123,185.6153106689453,3,150,10,500,100,0,0,False,100,False,0.01,,5,300,2
130,3.225832644055287,1.8203988075256348,183.27471923828125,3,150,10,500,100,0,0,False,100,False,0.01,,5,300,2
131,3.2161068690816563,1.8101098537445068,182.12599182128906,3,150,10,500,100,0,0,False,100,False,0.01,,5,300,2
132,3.0074791309734183,1.808340311050415,182.01614379882812,3,150,10,500,100,0,0,False,100,False,0.01,,5,300,2
133,2.7822147414088247,1.779044270515442,179.24935913085938,3,150,10,500,100,0,0,False,100,False,0.01,,5,300,2
134,2.5142691334088645,1.7718923091888428,178.23426818847656,3,150,10,500,100,0,0,False,100,False,0.01,,5,300,2
135,2.790569075246652,1.7509037256240845,176.09884643554688,3,150,10,500,100,0,0,False,100,False,0.01,,5,300,2
136,2.991351199845473,1.7422711849212646,175.38174438476562,3,150,10,500,100,0,0,False,100,False,0.01,,5,300,2
137,2.8363461879392466,1.7226665019989014,173.41807556152344,3,150,10,500,100,0,0,False,100,False,0.01,,5,300,2
138,2.6799292135735353,1.717759609222412,173.1133270263672,3,150,10,500,100,0,0,False,100,False,0.01,,5,300,2
139,2.5795351892213025,1.6933282613754272,170.65611267089844,3,150,10,500,100,0,0,False,100,False,0.01,,5,300,2
140,2.9558055975536504,1.682567834854126,169.838623046875,3,150,10,500,100,0,0,False,100,False,0.01,,5,300,2
141,2.8409705177446205,1.6657458543777466,168.2786865234375,3,150,10,500,100,0,0,False,100,False,0.01,,5,300,2
142,2.7330066957573096,1.6631985902786255,167.7271728515625,3,150,10,500,100,0,0,False,100,False,0.01,,5,300,2
143,2.3840836691856384,1.6395562887191772,165.38079833984375,3,150,10,500,100,0,0,False,100,False,0.01,,5,300,2
144,3.0460428232947985,1.6372475624084473,165.3992462158203,3,150,10,500,100,0,0,False,100,False,0.01,,5,300,2
145,3.2444275585065285,1.6546266078948975,166.82583618164062,3,150,10,500,100,0,0,False,100,False,0.01,,5,300,2
146,3.214211165805658,1.6417639255523682,165.80694580078125,3,150,10,500,100,0,0,False,100,False,0.01,,5,300,2
147,2.7545017589131993,1.6290864944458008,164.75540161132812,3,150,10,500,100,0,0,False,100,False,0.01,,5,300,2
148,2.499275555262963,1.611457109451294,162.7503204345703,3,150,10,500,100,0,0,False,100,False,0.01,,5,300,2
149,2.9184220858414966,1.586277961730957,160.39552307128906,3,150,10,500,100,0,0,False,100,False,0.01,,5,300,2
150,2.818482907017072,1.585373878479004,160.43788146972656,3,150,10,500,100,0,0,False,100,False,0.01,,5,300,2
151,2.637407790174087,1.5637649297714233,158.3423614501953,3,150,10,500,100,0,0,False,100,False,0.01,,5,300,2
152,2.812380244185527,1.556779384613037,157.58766174316406,3,150,10,500,100,0,0,False,100,False,0.01,,5,300,2
153,2.9001494094232716,1.5598247051239014,157.681640625,3,150,10,500,100,0,0,False,100,False,0.01,,5,300,2
154,2.443737476915121,1.5526456832885742,156.92623901367188,3,150,10,500,100,0,0,False,100,False,0.01,,5,300,2
155,2.8578209790587423,1.540462851524353,155.98451232910156,3,150,10,500,100,0,0,False,100,False,0.01,,5,300,2
156,2.8796028100450832,1.5313053131103516,154.8701171875,3,150,10,500,100,0,0,False,100,False,0.01,,5,300,2
157,3.4874229912956554,1.537436604499817,155.25396728515625,3,150,10,500,100,0,0,False,100,False,0.01,,5,300,2
158,2.8906191420555114,1.5340887308120728,155.05624389648438,3,150,10,500,100,0,0,False,100,False,0.01,,5,300,2
159,3.503719691435496,1.5506964921951294,156.6314239501953,3,150,10,500,100,0,0,False,100,False,0.01,,5,300,2
160,2.8911530676980814,1.5441240072250366,155.97019958496094,3,150,10,500,100,0,0,False,100,False,0.01,,5,300,2
161,3.031505280584097,1.5432701110839844,156.19879150390625,3,150,10,500,100,0,0,False,100,False,0.01,,5,300,2
162,2.9638711342712245,1.5332633256912231,155.0626983642578,3,150,10,500,100,0,0,False,100,False,0.01,,5,300,2
163,2.524686018427213,1.5200239419937134,153.58604431152344,3,150,10,500,100,0,0,False,100,False,0.01,,5,300,2
164,2.6154836362600324,1.514316201210022,152.8772430419922,3,150,10,500,100,0,0,False,100,False,0.01,,5,300,2
165,2.6018201233198246,1.5040996074676514,152.2638397216797,3,150,10,500,100,0,0,False,100,False,0.01,,5,300,2
166,2.4439399469892185,1.4788165092468262,150.0537872314453,3,150,10,500,100,0,0,False,100,False,0.01,,5,300,2
167,2.4537155737479526,1.461416244506836,148.35958862304688,3,150,10,500,100,0,0,False,100,False,0.01,,5,300,2
168,2.4245708761612574,1.4559063911437988,147.8170928955078,3,150,10,500,100,0,0,False,100,False,0.01,,5,300,2
169,2.252887040625016,1.438982605934143,146.06605529785156,3,150,10,500,100,0,0,False,100,False,0.01,,5,300,2
170,2.451155371963978,1.4242757558822632,144.53814697265625,3,150,10,500,100,0,0,False,100,False,0.01,,5,300,2
171,2.9227910004059474,1.4312087297439575,145.08099365234375,3,150,10,500,100,0,0,False,100,False,0.01,,5,300,2
172,2.8353853356838226,1.4250861406326294,144.76858520507812,3,150,10,500,100,0,0,False,100,False,0.01,,5,300,2
173,2.5867838276922703,1.4139056205749512,143.74842834472656,3,150,10,500,100,0,0,False,100,False,0.01,,5,300,2
174,2.7178415649632615,1.41182279586792,143.68350219726562,3,150,10,500,100,0,0,False,100,False,0.01,,5,300,2
175,3.005643083800872,1.4281463623046875,145.05789184570312,3,150,10,500,100,0,0,False,100,False,0.01,,5,300,2
176,2.728054327095548,1.4129494428634644,143.56903076171875,3,150,10,500,100,0,0,False,100,False,0.01,,5,300,2
177,2.776157440443834,1.4004727602005005,142.043212890625,3,150,10,500,100,0,0,False,100,False,0.01,,5,300,2
178,2.9029571407039962,1.4014620780944824,142.45932006835938,3,150,10,500,100,0,0,False,100,False,0.01,,5,300,2
179,2.748842142174641,1.403798222541809,142.8394012451172,3,150,10,500,100,0,0,False,100,False,0.01,,5,300,2
180,2.589147087285916,1.3958128690719604,142.0767822265625,3,150,10,500,100,0,0,False,100,False,0.01,,5,300,2
181,3.1182421948512395,1.4030483961105347,142.9403533935547,3,150,10,500,100,0,0,False,100,False,0.01,,5,300,2
182,2.833723944375912,1.407102346420288,143.3050537109375,3,150,10,500,100,0,0,False,100,False,0.01,,5,300,2
183,2.650528504550457,1.4017919301986694,142.70541381835938,3,150,10,500,100,0,0,False,100,False,0.01,,5,300,2
184,2.931434048662583,1.396186113357544,142.23817443847656,3,150,10,500,100,0,0,False,100,False,0.01,,5,300,2
185,2.713803712328275,1.3871865272521973,141.36727905273438,3,150,10,500,100,0,0,False,100,False,0.01,,5,300,2
186,2.66681832720836,1.3913394212722778,141.54385375976562,3,150,10,500,100,0,0,False,100,False,0.01,,5,300,2
187,2.4221644069006047,1.389500617980957,141.46783447265625,3,150,10,500,100,0,0,False,100,False,0.01,,5,300,2
188,2.4851999558508395,1.3730343580245972,139.54965209960938,3,150,10,500,100,0,0,False,100,False,0.01,,5,300,2
189,2.7109536278744537,1.3700608015060425,139.6111297607422,3,150,10,500,100,0,0,False,100,False,0.01,,5,300,2
190,2.4950022997955483,1.3610907793045044,138.70709228515625,3,150,10,500,100,0,0,False,100,False,0.01,,5,300,2
191,2.5758431354165077,1.353115200996399,138.10121154785156,3,150,10,500,100,0,0,False,100,False,0.01,,5,300,2
192,2.6455179297924043,1.3413087129592896,136.80474853515625,3,150,10,500,100,0,0,False,100,False,0.01,,5,300,2
193,2.6751706955830254,1.3388944864273071,136.76976013183594,3,150,10,500,100,0,0,False,100,False,0.01,,5,300,2
194,2.623154470473528,1.3373355865478516,136.28985595703125,3,150,10,500,100,0,0,False,100,False,0.01,,5,300,2
195,2.184007109552622,1.323610544204712,134.88180541992188,3,150,10,500,100,0,0,False,100,False,0.01,,5,300,2
196,2.7217483194172383,1.3289414644241333,135.11241149902344,3,150,10,500,100,0,0,False,100,False,0.01,,5,300,2
197,2.66300105586648,1.3252482414245605,134.84310913085938,3,150,10,500,100,0,0,False,100,False,0.01,,5,300,2
198,2.473165716230869,1.3144344091415405,133.5734100341797,3,150,10,500,100,0,0,False,100,False,0.01,,5,300,2
199,2.8834924829999604,1.344775676727295,136.4832763671875,3,150,10,500,100,0,0,False,100,False,0.01,,5,300,2
200,2.685563758611679,1.336553931236267,135.88226318359375,3,150,10,500,100,0,0,False,100,False,0.01,,5,300,2
201,2.81521588097016,1.3441321849822998,136.4419708251953,3,150,10,500,100,0,0,False,100,False,0.01,,5,300,2
202,2.4504066899915538,1.3347959518432617,135.32545471191406,3,150,10,500,100,0,0,False,100,False,0.01,,5,300,2
203,2.842876369257768,1.3429745435714722,136.0503692626953,3,150,10,500,100,0,0,False,100,False,0.01,,5,300,2
204,2.495777066424489,1.3268109560012817,134.7215118408203,3,150,10,500,100,0,0,False,100,False,0.01,,5,300,2
205,3.0473257644474505,1.3290915489196777,134.7677001953125,3,150,10,500,100,0,0,False,100,False,0.01,,5,300,2
206,2.977192306270202,1.3292397260665894,134.72039794921875,3,150,10,500,100,0,0,False,100,False,0.01,,5,300,2
207,2.5059133982658386,1.3248172998428345,134.1531219482422,3,150,10,500,100,0,0,False,100,False,0.01,,5,300,2
208,2.543021260648966,1.3272684812545776,134.89857482910156,3,150,10,500,100,0,0,False,100,False,0.01,,5,300,2
209,2.592795866529147,1.3177491426467896,133.8163299560547,3,150,10,500,100,0,0,False,100,False,0.01,,5,300,2
210,2.6626687008639176,1.3046839237213135,132.35873413085938,3,150,10,500,100,0,0,False,100,False,0.01,,5,300,2
211,2.7256522940595946,1.325838327407837,134.61074829101562,3,150,10,500,100,0,0,False,100,False,0.01,,5,300,2
212,2.9640045049289863,1.330636739730835,135.2116241455078,3,150,10,500,100,0,0,False,100,False,0.01,,5,300,2
213,3.014165566464265,1.3380112648010254,135.75701904296875,3,150,10,500,100,0,0,False,100,False,0.01,,5,300,2
214,2.8969904812177023,1.347447395324707,136.71786499023438,3,150,10,500,100,0,0,False,100,False,0.01,,5,300,2
215,3.3729577907919883,1.3443447351455688,136.68800354003906,3,150,10,500,100,0,0,False,100,False,0.01,,5,300,2
216,3.067327743967374,1.3362140655517578,136.1952667236328,3,150,10,500,100,0,0,False,100,False,0.01,,5,300,2
217,3.0417388116692505,1.3481364250183105,137.65748596191406,3,150,10,500,100,0,0,False,100,False,0.01,,5,300,2
218,2.899525861144066,1.339389443397522,136.5511474609375,3,150,10,500,100,0,0,False,100,False,0.01,,5,300,2
219,2.426569898116092,1.326784372329712,135.06881713867188,3,150,10,500,100,0,0,False,100,False,0.01,,5,300,2
220,2.9441035707791645,1.320877194404602,134.53480529785156,3,150,10,500,100,0,0,False,100,False,0.01,,5,300,2
221,3.1433905362089476,1.3146036863327026,133.94772338867188,3,150,10,500,100,0,0,False,100,False,0.01,,5,300,2
222,2.9068843454867603,1.3055368661880493,132.99903869628906,3,150,10,500,100,0,0,False,100,False,0.01,,5,300,2
223,3.1069957575698695,1.3054426908493042,133.2189483642578,3,150,10,500,100,0,0,False,100,False,0.01,,5,300,2
224,2.6062009437878926,1.2921438217163086,131.78672790527344,3,150,10,500,100,0,0,False,100,False,0.01,,5,300,2
225,2.704825358291467,1.2842838764190674,131.1221160888672,3,150,10,500,100,0,0,False,100,False,0.01,,5,300,2
226,2.9218723542491594,1.2912960052490234,131.7584991455078,3,150,10,500,100,0,0,False,100,False,0.01,,5,300,2
227,2.6547778877367576,1.3013232946395874,132.6583709716797,3,150,10,500,100,0,0,False,100,False,0.01,,5,300,2
228,2.8365680942684413,1.3060239553451538,133.14646911621094,3,150,10,500,100,0,0,False,100,False,0.01,,5,300,2
229,2.551464860097816,1.2955299615859985,132.37612915039062,3,150,10,500,100,0,0,False,100,False,0.01,,5,300,2
230,2.7631537410616875,1.2830320596694946,131.05421447753906,3,150,10,500,100,0,0,False,100,False,0.01,,5,300,2
231,2.6246544403831162,1.2870162725448608,131.4675750732422,3,150,10,500,100,0,0,False,100,False,0.01,,5,300,2
232,2.074981814622879,1.277826189994812,130.71392822265625,3,150,10,500,100,0,0,False,100,False,0.01,,5,300,2
233,2.5308786415060363,1.2759968042373657,130.56634521484375,3,150,10,500,100,0,0,False,100,False,0.01,,5,300,2
234,2.226128321886063,1.2694095373153687,130.0300750732422,3,150,10,500,100,0,0,False,100,False,0.01,,5,300,2
235,2.329299930135409,1.248900294303894,128.14254760742188,3,150,10,500,100,0,0,False,100,False,0.01,,5,300,2
236,2.4228140780329706,1.2484456300735474,127.9052505493164,3,150,10,500,100,0,0,False,100,False,0.01,,5,300,2
237,2.8995618082086243,1.2524070739746094,128.3319854736328,3,150,10,500,100,0,0,False,100,False,0.01,,5,300,2
238,2.565889398356279,1.248642921447754,128.07228088378906,3,150,10,500,100,0,0,False,100,False,0.01,,5,300,2
239,2.870415544509888,1.2565350532531738,128.80563354492188,3,150,10,500,100,0,0,False,100,False,0.01,,5,300,2
240,3.1680290965239206,1.2602083683013916,129.15586853027344,3,150,10,500,100,0,0,False,100,False,0.01,,5,300,2
241,2.872094871327281,1.2496991157531738,128.1671600341797,3,150,10,500,100,0,0,False,100,False,0.01,,5,300,2
242,2.742281637266278,1.242835283279419,127.50169372558594,3,150,10,500,100,0,0,False,100,False,0.01,,5,300,2
243,2.5804982059200605,1.2347662448883057,126.87194061279297,3,150,10,500,100,0,0,False,100,False,0.01,,5,300,2
244,3.067298118074735,1.2428851127624512,127.5180892944336,3,150,10,500,100,0,0,False,100,False,0.01,,5,300,2
245,2.679076765179634,1.2391009330749512,126.7042236328125,3,150,10,500,100,0,0,False,100,False,0.01,,5,300,2
246,3.2670407171050706,1.2463910579681396,127.2541275024414,3,150,10,500,100,0,0,False,100,False,0.01,,5,300,2
247,2.522872703075409,1.2332829236984253,125.96763610839844,3,150,10,500,100,0,0,False,100,False,0.01,,5,300,2
248,2.9982854397346577,1.2329967021942139,126.1171875,3,150,10,500,100,0,0,False,100,False,0.01,,5,300,2
249,2.9520746585230033,1.2310123443603516,125.99138641357422,3,150,10,500,100,0,0,False,100,False,0.01,,5,300,2
250,2.539204084724188,1.2293164730072021,125.90589904785156,3,150,10,500,100,0,0,False,100,False,0.01,,5,300,2
251,2.4600446117917696,1.2341396808624268,126.36985778808594,3,150,10,500,100,0,0,False,100,False,0.01,,5,300,2
252,2.7427981530626613,1.231552243232727,126.1579818725586,3,150,10,500,100,0,0,False,100,False,0.01,,5,300,2
253,2.967300993651152,1.2341845035552979,126.44187927246094,3,150,10,500,100,0,0,False,100,False,0.01,,5,300,2
254,3.0068086231748263,1.2319536209106445,126.1462631225586,3,150,10,500,100,0,0,False,100,False,0.01,,5,300,2
255,2.9076520092288654,1.241567850112915,126.94879150390625,3,150,10,500,100,0,0,False,100,False,0.01,,5,300,2
256,2.8702178822954494,1.2440526485443115,126.96014404296875,3,150,10,500,100,0,0,False,100,False,0.01,,5,300,2
257,3.255691679616769,1.2525591850280762,127.76945495605469,3,150,10,500,100,0,0,False,100,False,0.01,,5,300,2
258,2.4223439532518385,1.2414653301239014,126.77995300292969,3,150,10,500,100,0,0,False,100,False,0.01,,5,300,2
259,2.3662169422209263,1.2369310855865479,126.48499298095703,3,150,10,500,100,0,0,False,100,False,0.01,,5,300,2
260,2.0954243182142576,1.2139654159545898,124.13721466064453,3,150,10,500,100,0,0,False,100,False,0.01,,5,300,2
261,2.5837307282785575,1.2111401557922363,123.65536499023438,3,150,10,500,100,0,0,False,100,False,0.01,,5,300,2
262,2.254825034886599,1.2175999879837036,124.31400299072266,3,150,10,500,100,0,0,False,100,False,0.01,,5,300,2
263,2.4662670054038367,1.214662790298462,124.09767150878906,3,150,10,500,100,0,0,False,100,False,0.01,,5,300,2
264,2.7748780342688164,1.218669056892395,124.70751953125,3,150,10,500,100,0,0,False,100,False,0.01,,5,300,2
265,2.6537124938269456,1.219731330871582,124.88764953613281,3,150,10,500,100,0,0,False,100,False,0.01,,5,300,2
266,2.5546289327492318,1.21433687210083,124.34428405761719,3,150,10,500,100,0,0,False,100,False,0.01,,5,300,2
267,2.7988817597925664,1.221751093864441,125.41787719726562,3,150,10,500,100,0,0,False,100,False,0.01,,5,300,2
268,2.671178136517604,1.221750259399414,125.42964935302734,3,150,10,500,100,0,0,False,100,False,0.01,,5,300,2
269,2.384137723023693,1.2203919887542725,125.32791900634766,3,150,10,500,100,0,0,False,100,False,0.01,,5,300,2
270,2.607029459724824,1.2233171463012695,125.44197082519531,3,150,10,500,100,0,0,False,100,False,0.01,,5,300,2
271,2.327692462950945,1.2115906476974487,124.0790786743164,3,150,10,500,100,0,0,False,100,False,0.01,,5,300,2
272,2.6742464106778305,1.2055954933166504,123.25346374511719,3,150,10,500,100,0,0,False,100,False,0.01,,5,300,2
273,3.1120508642991385,1.2060184478759766,123.20015716552734,3,150,10,500,100,0,0,False,100,False,0.01,,5,300,2
274,3.038002622872591,1.2155815362930298,124.27210235595703,3,150,10,500,100,0,0,False,100,False,0.01,,5,300,2
275,2.683913728445768,1.2021610736846924,122.8897705078125,3,150,10,500,100,0,0,False,100,False,0.01,,5,300,2
276,2.889701794832945,1.203545093536377,122.91304016113281,3,150,10,500,100,0,0,False,100,False,0.01,,5,300,2
277,2.431201171030601,1.1907488107681274,121.69195556640625,3,150,10,500,100,0,0,False,100,False,0.01,,5,300,2
278,2.3961871453622976,1.1832808256149292,120.77461242675781,3,150,10,500,100,0,0,False,100,False,0.01,,5,300,2
279,2.6002560000121595,1.1653002500534058,118.936279296875,3,150,10,500,100,0,0,False,100,False,0.01,,5,300,2
280,2.901101391762495,1.1658324003219604,118.93333435058594,3,150,10,500,100,0,0,False,100,False,0.01,,5,300,2
281,2.675852458675702,1.165906548500061,118.94046020507812,3,150,10,500,100,0,0,False,100,False,0.01,,5,300,2
282,2.1232621613144875,1.1516491174697876,117.56441497802734,3,150,10,500,100,0,0,False,100,False,0.01,,5,300,2
283,2.236632834946116,1.1465764045715332,117.20405578613281,3,150,10,500,100,0,0,False,100,False,0.01,,5,300,2
284,2.3254693192243576,1.1432312726974487,116.67428588867188,3,150,10,500,100,0,0,False,100,False,0.01,,5,300,2
285,2.5502939554055533,1.1524542570114136,117.5190658569336,3,150,10,500,100,0,0,False,100,False,0.01,,5,300,2
286,2.532739482248823,1.1544910669326782,117.53484344482422,3,150,10,500,100,0,0,False,100,False,0.01,,5,300,2
287,2.8166725573440394,1.1660566329956055,118.91694641113281,3,150,10,500,100,0,0,False,100,False,0.01,,5,300,2
288,2.9928153699139752,1.1782737970352173,120.0562515258789,3,150,10,500,100,0,0,False,100,False,0.01,,5,300,2
289,2.794122677544753,1.1740918159484863,119.79415893554688,3,150,10,500,100,0,0,False,100,False,0.01,,5,300,2
290,2.4569743376225235,1.1703238487243652,119.46983337402344,3,150,10,500,100,0,0,False,100,False,0.01,,5,300,2
291,2.317093964839975,1.1573840379714966,117.93600463867188,3,150,10,500,100,0,0,False,100,False,0.01,,5,300,2
292,2.41330481633544,1.1517908573150635,116.92720031738281,3,150,10,500,100,0,0,False,100,False,0.01,,5,300,2
293,2.5990846713632347,1.1541401147842407,117.00371551513672,3,150,10,500,100,0,0,False,100,False,0.01,,5,300,2
294,2.6255243725081283,1.1514348983764648,116.48377990722656,3,150,10,500,100,0,0,False,100,False,0.01,,5,300,2
295,2.5938947579016287,1.1531168222427368,116.7315902709961,3,150,10,500,100,0,0,False,100,False,0.01,,5,300,2
296,2.368594659566879,1.1463861465454102,116.28257751464844,3,150,10,500,100,0,0,False,100,False,0.01,,5,300,2
297,2.535676252245903,1.1436071395874023,116.14292907714844,3,150,10,500,100,0,0,False,100,False,0.01,,5,300,2
298,2.763678625822067,1.153113603591919,117.10293579101562,3,150,10,500,100,0,0,False,100,False,0.01,,5,300,2
299,2.7220412366092206,1.1467419862747192,116.7287826538086,3,150,10,500,100,0,0,False,100,False,0.01,,5,300,2
